CRASH_RECORD_ID,CRASH_DATE_EST_I,CRASH_DATE,POSTED_SPEED_LIMIT,WEATHER_CONDITION,LIGHTING_CONDITION,FIRST_CRASH_TYPE,TRAFFICWAY_TYPE,ALIGNMENT,ROADWAY_SURFACE_COND,CRASH_TYPE,STREET_NAME,LATITUDE,LONGITUDE,LOCATION,Label
d1969272e6827116f3f8446357cb14e77cb62d958e91421fc9f5381b8813cfcdbfb0d5e08ec8d938bd5122287091dfabd1aac2db6fbba92b3067630561b1d0e8,,2022-02-01 11:15:00,30,RAIN,DAYLIGHT,PEDALCYCLIST,NOT DIVIDED,STRAIGHT AND LEVEL,WET,INJURY AND / OR TOW DUE TO CRASH,SOUTHPORT AVE,41.9439902509,-87.6640799966,POINT (-87.664079996629 41.943990250919),"{'Mode': 'rental', 'Type': 'classic_bike'}"
b185052fe7cbc7a52dd66f9c1f349aeea8ef71daf1594006287cafa740f218121a12dd6603302a6f9a0c2f9749220ff92015a23e0ebcdf3e4cca38faf4a966ac,,2022-03-06 11:40:00,30,CLEAR,DAYLIGHT,PEDALCYCLIST,NOT DIVIDED,STRAIGHT AND LEVEL,DRY,INJURY AND / OR TOW DUE TO CRASH,WELLS ST,41.9033111306,-87.6346058023,POINT (-87.634605802299 41.903311130583),"{'Mode': 'rental', 'Type': 'classic_bike'}"
2c908a66633958a7f92f48a7f19b2b0132590d294813351ea26320d39a314e75798b045c90d8d8956cd86460ea69107e629ee849ab0c3870e11f8d808aa0c120,,2022-03-20 20:30:00,30,CLEAR,DARKNESS,PEDALCYCLIST,NOT DIVIDED,STRAIGHT AND LEVEL,UNKNOWN,INJURY AND / OR TOW DUE TO CRASH,IRVING PARK RD,41.9545969221,-87.6546272474,POINT (-87.654627247399 41.954596922053),"{'Mode': 'rental', 'Type': 'electric_bike'}"
b55d9d81bec4e9b73fc6d4a2c77ea777041d12f5201eb9704541cd57636a589e032bee92d599d4e72ac0291ab38eac48f9484031d54dcb82dd806a8072990d7b,,2022-04-14 14:25:00,30,CLEAR,DAYLIGHT,PEDALCYCLIST,NOT DIVIDED,STRAIGHT AND LEVEL,DRY,INJURY AND / OR TOW DUE TO CRASH,SOUTHPORT AVE,41.9433702002,-87.6640631041,POINT (-87.664063104114 41.943370200204),"{'Mode': 'rental', 'Type': 'electric_bike'}"
383eb828395b76bcaefd4038021be5ab84cad832e250b14fde746827101e06c72276d21c9f76346cc6d5c663d25509225645e03b0d2c702e347eeee134e3e3fd,,2022-04-22 17:51:00,25,CLEAR,DUSK,PEDALCYCLIST,DIVIDED - W/MEDIAN BARRIER,STRAIGHT AND LEVEL,WET,INJURY AND / OR TOW DUE TO CRASH,RANDOLPH ST,41.884179966,-87.6541113518,POINT (-87.654111351842 41.884179966037),"{'Mode': 'rental', 'Type': 'electric_bike'}"
035fdd75cf55adf85c24401b8eb5fe03689f56d21a684cdb3db0627af15ec0c23852574e3613f6d32dc4a98f7ff7e3069b76138223caca8b028c364a52e793b7,,2022-05-10 17:20:00,30,CLEAR,DAYLIGHT,PEDALCYCLIST,DIVIDED - W/MEDIAN (NOT RAISED),STRAIGHT AND LEVEL,DRY,NO INJURY / DRIVE AWAY,DAMEN AVE,41.9158003569,-87.6774303555,POINT (-87.677430355505 41.915800356908),"{'Mode': 'rental', 'Type': 'classic_bike'}"
1c51c340ff780cb700895649f175a749c32eab69fa9bb803fac69e81c0cad0569d271e4554483c74f543f04dd29f1aecbba911dde50e1e16d09f81d7bde649cc,,2022-05-13 16:40:00,30,CLEAR,DAYLIGHT,PEDALCYCLIST,NOT DIVIDED,STRAIGHT AND LEVEL,DRY,INJURY AND / OR TOW DUE TO CRASH,FULLERTON AVE,41.9254066361,-87.6580621839,POINT (-87.658062183857 41.92540663614),"{'Mode': 'rental', 'Type': 'classic_bike'}"
d46bd0ec216f69c11d44ccad3b0e96a202b0140a4323eba7a2acd322630781ac0a650048387c135021c717875bbd20d08b3fc0ce931ea543289b6f9e59efa4b1,,2022-05-28 09:57:00,25,CLEAR,DAYLIGHT,PEDALCYCLIST,NOT DIVIDED,STRAIGHT ON GRADE,DRY,INJURY AND / OR TOW DUE TO CRASH,ORLEANS ST,41.8896893992,-87.6366044996,POINT (-87.63660449962 41.889689399169),"{'Mode': 'rental', 'Type': 'electric_bike'}"
8c45d319c61927e4e0203eb81014b87512eb1771bf30ac08cebe14b9f77559a111e8e284e3b4acfe77d90be5ca9c29e0f520b4b2035cac67d7225cef7d62edac,,2022-05-29 16:30:00,35,CLEAR,DAYLIGHT,PEDALCYCLIST,DIVIDED - W/MEDIAN (NOT RAISED),STRAIGHT AND LEVEL,DRY,INJURY AND / OR TOW DUE TO CRASH,ROOSEVELT RD,41.8673210997,-87.6259539918,POINT (-87.625953991796 41.867321099741),"{'Mode': 'rental', 'Type': 'classic_bike'}"
7671c2583e8e74330a20618712cf538088a51a83874e7645c1649f42566d3317c5c41c9226794ebcfc90975576a41caef4ec4ce519b19a9df4b9cf318be26704,,2022-05-31 17:05:00,30,CLEAR,DAYLIGHT,PEDALCYCLIST,NOT DIVIDED,STRAIGHT AND LEVEL,DRY,INJURY AND / OR TOW DUE TO CRASH,SHERIDAN RD,41.9545326889,-87.6546930249,POINT (-87.65469302487 41.954532688932),"{'Mode': 'rental', 'Type': 'classic_bike'}"
f34a71e0577f852a31e214c64519a6612cb57c9baeb444f0bba4389648a9d4f0bd43b63db2707000450d1db9b12130e66640048969c8e8f183dbfd0e774222be,Y,2022-06-07 18:55:00,25,CLEAR,DUSK,PEDALCYCLIST,Y-INTERSECTION,STRAIGHT ON GRADE,DRY,INJURY AND / OR TOW DUE TO CRASH,ARMITAGE AVE,41.9174294794,-87.691534747,POINT (-87.691534747024 41.917429479437),"{'Mode': 'rental', 'Type': 'classic_bike'}"
4e22f91140d270c8076a17172f3df0e4df0b8264c2527328396b6906242351f599146760cf22f6aa551fb2d45f56dca30d3d2f98a146990ddd8eccfb8c2e6da3,,2022-06-12 15:00:00,30,CLEAR,DAYLIGHT,PEDALCYCLIST,NOT DIVIDED,STRAIGHT AND LEVEL,DRY,NO INJURY / DRIVE AWAY,ROOSEVELT RD,41.8671220173,-87.6414076004,POINT (-87.641407600431 41.867122017279),"{'Mode': 'rental', 'Type': 'classic_bike'}"
6f70b2a0a796d52ec15bff2d5cd7e377f02ad36c0aca1d5147a80ec6b4f56585aaa7edc3d414b069f3035d1f818be39f06ec97ace309f85c46bcb0fa7e6676df,,2022-06-15 10:00:00,30,CLEAR,DAYLIGHT,PEDALCYCLIST,NOT DIVIDED,"CURVE, LEVEL",DRY,NO INJURY / DRIVE AWAY,STOCKTON DR,41.9315414906,-87.6388473962,POINT (-87.638847396161 41.931541490558),"{'Mode': 'rental', 'Type': 'classic_bike'}"
d03d43c1747c8cc03795a6e6283c175f2f809bec085058c2273729d0ed6bc93d577941c24d5aa8619524f31548e6001a5293048b2f1b2b9308ec46f884bd01af,,2022-06-20 16:37:00,30,CLEAR,DAYLIGHT,PEDALCYCLIST,FOUR WAY,STRAIGHT AND LEVEL,DRY,NO INJURY / DRIVE AWAY,FULLERTON DR,41.9260404634,-87.6311036592,POINT (-87.631103659168 41.926040463404),"{'Mode': 'rental', 'Type': 'docked_bike'}"
06194726475bf51e5918745b6d24e8465b6147f958d15a6e0d164dc42da4e69da2d8be4a4bacae5f6cb27a14c08702c329bf3e91d6f440751af977d68b0e94cf,,2022-06-28 12:25:00,30,CLEAR,DAYLIGHT,PEDALCYCLIST,NOT DIVIDED,STRAIGHT AND LEVEL,DRY,INJURY AND / OR TOW DUE TO CRASH,WILSON AVE,41.9652825804,-87.6580082008,POINT (-87.658008200782 41.965282580419),"{'Mode': 'rental', 'Type': 'classic_bike'}"
49591a1cae737eea5bf68b847b436d7be008fd214f77735848938c7ac0b70a5df000ea6809f39553ba2187a1d89752dfdf65555c8d269b3a00bf33651df5013d,,2022-06-28 17:25:00,25,CLEAR,DAYLIGHT,PEDALCYCLIST,NOT DIVIDED,STRAIGHT AND LEVEL,DRY,INJURY AND / OR TOW DUE TO CRASH,CLARK ST,41.9732070442,-87.6678987352,POINT (-87.667898735233 41.973207044233),"{'Mode': 'rental', 'Type': 'classic_bike'}"
3860a5b5562de89bbe0fab8b696130b01b98b783fbf37a5fa3bf0bd364123ff9d1ae56040880745c8f1a21d70bf73d0a716318f1222f5a00d9681e87acd34ddb,,2022-07-09 19:15:00,30,UNKNOWN,UNKNOWN,PEDALCYCLIST,NOT DIVIDED,STRAIGHT AND LEVEL,UNKNOWN,INJURY AND / OR TOW DUE TO CRASH,HALSTED ST,41.8649598981,-87.6469999206,POINT (-87.646999920609 41.864959898061),"{'Mode': 'rental', 'Type': 'classic_bike'}"
e0f6ee7182cae8fa4a61e82be7769e67f90d4280385b7582c49479d3e027e203f92069aba0e173544debd023926980510f1a1a0cc211df659f462b4a6fdcf705,,2022-07-12 16:00:00,30,CLEAR,DAYLIGHT,OTHER OBJECT,NOT DIVIDED,STRAIGHT AND LEVEL,DRY,NO INJURY / DRIVE AWAY,HALSTED ST,41.9502903792,-87.6497315231,POINT (-87.649731523109 41.950290379189),"{'Mode': 'rental', 'Type': 'electric_bike'}"
de64b65362961a73768c098cfd8ebf27e1c8ec8538dc131d9769eb770791334ec7a1c3ffcf367e67d06364db1d1982b4d0f8bba7242b2f6e0bb037c5ebb4d1bd,,2022-07-17 16:00:00,30,UNKNOWN,UNKNOWN,PEDALCYCLIST,NOT DIVIDED,STRAIGHT AND LEVEL,UNKNOWN,INJURY AND / OR TOW DUE TO CRASH,RACINE AVE,41.9326676649,-87.6585672794,POINT (-87.658567279363 41.932667664936),"{'Mode': 'rental', 'Type': 'electric_bike'}"
830942d4cafa993166be760b0eb805b3ba75fc32e87682db7f07f473b67d067663643a4aa0f60742a77965337b5024a71089b77a371389b7e81e008ee846d9e9,,2022-07-17 16:40:00,30,CLEAR,DAYLIGHT,PEDALCYCLIST,NOT DIVIDED,STRAIGHT AND LEVEL,DRY,INJURY AND / OR TOW DUE TO CRASH,SHERIDAN RD,41.9618230715,-87.6548960832,POINT (-87.654896083223 41.961823071539),"{'Mode': 'rental', 'Type': 'classic_bike'}"
4b46a5a5a1ef48435bd781ac8456d6e97bdb538e15bc28bebe184b2690ea37a5d73db7ea77c8e6f528f3cace73d22b2f5d5ab25cca21421d1d8cb14f08623f24,,2022-08-06 14:05:00,30,CLEAR,DAYLIGHT,PEDALCYCLIST,NOT DIVIDED,STRAIGHT AND LEVEL,DRY,INJURY AND / OR TOW DUE TO CRASH,DAMEN AVE,41.9094312312,-87.6772894524,POINT (-87.677289452382 41.909431231176),"{'Mode': 'rental', 'Type': 'classic_bike'}"
6adeddcfd7ac94c125524c82e5279b8cd448a85c1858029fb6bac6d2f7b324019c64d0724c2ef52221a488ea54f71e2463bc39513390a8176be5dcb6e347fe8c,,2022-08-09 21:20:00,30,CLEAR,DARKNESS,PEDALCYCLIST,FOUR WAY,STRAIGHT AND LEVEL,DRY,INJURY AND / OR TOW DUE TO CRASH,DAMEN AVE,41.8549037841,-87.6760660362,POINT (-87.676066036226 41.854903784127),"{'Mode': 'rental', 'Type': 'electric_bike'}"
540fb56329c9a9dd807d39b984192ac46658508f33013aa8ab87015e294b7986c4e3045320b511e364d52000afb643a431599bb340753c505ace9df9efad5352,,2022-08-12 16:20:00,30,CLEAR,DAYLIGHT,PEDALCYCLIST,NOT DIVIDED,STRAIGHT AND LEVEL,DRY,INJURY AND / OR TOW DUE TO CRASH,HALSTED ST,41.9137731359,-87.648506953,POINT (-87.648506952981 41.91377313589),"{'Mode': 'rental', 'Type': 'classic_bike'}"
b18430ed542c663d2800c3df756cbb26d875c15f7b4d10ae732917849043848022d4092bb576704f549f747314ec5d1bca10332993e3db60afb8e7a55cf191f6,,2022-08-13 18:45:00,30,CLEAR,DAWN,OTHER OBJECT,OTHER,STRAIGHT AND LEVEL,DRY,NO INJURY / DRIVE AWAY,SUPERIOR ST,41.8958263727,-87.6258105835,POINT (-87.625810583484 41.895826372695),"{'Mode': 'rental', 'Type': 'electric_bike'}"
43aa1196230618424621a7f645d6f3c6bb3185279e16981b41f9057698230a639861d55f3133a803c2b20b7f087c3b5ccd117db5c61a8ddce4bff44417a96f7b,,2022-08-17 17:05:00,35,CLEAR,DAYLIGHT,PEDALCYCLIST,NOT DIVIDED,STRAIGHT AND LEVEL,DRY,INJURY AND / OR TOW DUE TO CRASH,FULLERTON AVE,41.9252682757,-87.6534875641,POINT (-87.653487564139 41.925268275703),"{'Mode': 'rental', 'Type': 'electric_bike'}"
82a7fb307ce68b10b3eba5e09c1b94956b74ecbde7d5b1d56c01975d692b2c8172ebf113a78e7d078c8c84ba5c01804b5f1aa1643308b42c95a3afc5d6227b32,,2022-08-20 11:09:00,30,CLOUDY/OVERCAST,DAYLIGHT,PEDALCYCLIST,NOT DIVIDED,STRAIGHT AND LEVEL,DRY,INJURY AND / OR TOW DUE TO CRASH,HALSTED ST,41.9502903792,-87.6497315231,POINT (-87.649731523109 41.950290379189),"{'Mode': 'rental', 'Type': 'electric_bike'}"
f0c0b62b299b836aeee0aa5a06169bb73d8db17e01c319538df79f16902033b14c6ee77f6886509839c858a7c932aaab2d6d91d37910889231400be809517ad6,,2022-08-26 17:40:00,30,CLEAR,DAYLIGHT,PEDALCYCLIST,DIVIDED - W/MEDIAN (NOT RAISED),STRAIGHT AND LEVEL,DRY,INJURY AND / OR TOW DUE TO CRASH,ARCHER AVE,41.8419692269,-87.6575598077,POINT (-87.657559807675 41.841969226919),"{'Mode': 'rental', 'Type': 'electric_bike'}"
cfe596879562a68ea53e70571e2acfba1223ded1cb8cf6363007409819aa8c6fe8455f7071851e0686fcec43aa1e01eb9630c59d0834c59a7421ffd448a2031a,Y,2022-08-30 16:50:00,30,CLEAR,DAYLIGHT,PEDALCYCLIST,DIVIDED - W/MEDIAN BARRIER,"CURVE, LEVEL",DRY,NO INJURY / DRIVE AWAY,ROOSEVELT RD,41.867321764,-87.6258702008,POINT (-87.625870200766 41.867321764022),"{'Mode': 'rental', 'Type': 'electric_bike'}"
bb77e6b9eac189af9874d64c80bd86aa4837db9b16ea01d8654a027203c0e3095d8eb4abe3b9399937631d9d18ae862187a79e0c91774e3e58709ecd14ccda98,,2022-08-31 08:50:00,30,CLEAR,DAYLIGHT,PEDALCYCLIST,FOUR WAY,STRAIGHT AND LEVEL,DRY,INJURY AND / OR TOW DUE TO CRASH,PEORIA ST,41.8803834767,-87.6498030663,POINT (-87.649803066328 41.880383476673),"{'Mode': 'rental', 'Type': 'electric_bike'}"
c5cdb7f6f5a9b46dae77977cd01bef9890170b85e65b43fb6a1a1c2f41a6db7ec71c72c9bd49d12ffd46d091035c2a8ddb872aa7db3f391ce9c20cdfb9521bc0,Y,2022-09-09 14:35:00,30,CLEAR,DAYLIGHT,PEDALCYCLIST,DIVIDED - W/MEDIAN (NOT RAISED),STRAIGHT AND LEVEL,DRY,INJURY AND / OR TOW DUE TO CRASH,ROOSEVELT RD,41.86735016,-87.6407970803,POINT (-87.640797080284 41.867350160014),"{'Mode': 'rental', 'Type': 'docked_bike'}"
d0d4e8af09a117c038ae835bf3b62c2bdf7ea3ff81179e9611d58f0e2cd9eb802b0f3f2907e88b8b0333532bcbca758f1ead28b3dab442035d798f4a93aad8c6,,2022-09-13 16:22:00,30,CLEAR,DAYLIGHT,PEDALCYCLIST,NOT REPORTED,STRAIGHT AND LEVEL,DRY,INJURY AND / OR TOW DUE TO CRASH,DEARBORN ST,41.8844550486,-87.6293086572,POINT (-87.629308657242 41.884455048597),"{'Mode': 'rental', 'Type': 'classic_bike'}"
a05ad399b99445a820c883d7e601b1048bc61035f90305998efd22ce1ea324fc3825d66b4a154ff10f46a6aa8e0e1afb303a8f6a1744a5a95d069095b482de39,,2022-09-17 12:45:00,30,CLEAR,DAYLIGHT,PEDALCYCLIST,NOT DIVIDED,STRAIGHT AND LEVEL,DRY,INJURY AND / OR TOW DUE TO CRASH,MILWAUKEE AVE,41.9228425767,-87.6974874818,POINT (-87.697487481806 41.922842576706),"{'Mode': 'rental', 'Type': 'electric_bike'}"
0b17df02f64ca29d69d9f0535aa8220e6b6a9130340399e1c5678b2b6e692396dec48462f3607fc9a82729f63bd4ee736401c0e2122574d62b59b1bd35506783,,2022-09-17 19:01:00,35,CLEAR,DUSK,PEDALCYCLIST,NOT DIVIDED,STRAIGHT AND LEVEL,DRY,INJURY AND / OR TOW DUE TO CRASH,CLARK ST,41.9449236897,-87.6545078737,POINT (-87.654507873687 41.944923689681),"{'Mode': 'rental', 'Type': 'electric_bike'}"
567d74c521ce53e580754ab1635982a347cd7c8ee55c0ef3bde7dd316caf55d24dbbb9ed991ec479d12151e407fb4dad7912fafefd69fcebb6ce5563418026f9,,2022-10-03 12:02:00,30,CLEAR,DAYLIGHT,PEDALCYCLIST,DIVIDED - W/MEDIAN (NOT RAISED),STRAIGHT AND LEVEL,DRY,INJURY AND / OR TOW DUE TO CRASH,WABASH AVE,41.8894773761,-87.6268026308,POINT (-87.626802630848 41.889477376081),"{'Mode': 'rental', 'Type': 'electric_bike'}"
3f8127cf84579eb82bcc03edfd8144eda226bb9069a359411d9eafef9e8ff91ddd6e63f5f376ed65f99005c11e19a26202b4ea1b2471e2f2671235c0091e0b48,,2022-11-02 18:07:00,30,CLEAR,DAYLIGHT,OTHER OBJECT,NOT DIVIDED,STRAIGHT AND LEVEL,DRY,INJURY AND / OR TOW DUE TO CRASH,ABERDEEN ST,41.8777651878,-87.6547148368,POINT (-87.654714836821 41.877765187778),"{'Mode': 'rental', 'Type': 'classic_bike'}"
d9d732b9274fe94d420a0924c423e4be9ec21fa698310309cd9aa9a0e3f862c41546d91e5768ed36bf35ad34a64c0b71a94d47a83afd8c7447b0567530c3a8ee,,2022-11-02 21:01:00,30,CLEAR,"DARKNESS, LIGHTED ROAD",PEDALCYCLIST,ONE-WAY,STRAIGHT AND LEVEL,DRY,INJURY AND / OR TOW DUE TO CRASH,ILLINOIS ST,41.8909228984,-87.6186575446,POINT (-87.618657544644 41.890922898414),"{'Mode': 'rental', 'Type': 'classic_bike'}"
cbb6876f5f91acc85388b018e8e57b6701b3e235a7de7b7e2aa910db761bfb46d3e7fe1090350aa26b3531d7f41d1d8c00b511ae09451c182ad42da9566c3c64,,2022-11-23 12:05:00,30,CLEAR,DAYLIGHT,PEDALCYCLIST,NOT DIVIDED,STRAIGHT AND LEVEL,DRY,INJURY AND / OR TOW DUE TO CRASH,CLYBOURN AVE,41.9099688376,-87.6484152758,POINT (-87.648415275794 41.909968837552),"{'Mode': 'rental', 'Type': 'electric_bike'}"
64f32e9a55816bf6190e8e85c466ee83e31f7fe96cfb94f50241f6c02fbc93d1c766a7af391710ea2bccafe26da1f9cb78498aa858a96b9e5575d23bd1532f0f,,2022-12-04 14:20:00,30,CLEAR,DAYLIGHT,PEDALCYCLIST,FOUR WAY,STRAIGHT AND LEVEL,DRY,INJURY AND / OR TOW DUE TO CRASH,BROADWAY,41.9901041639,-87.6604163625,POINT (-87.660416362514 41.990104163873),"{'Mode': 'rental', 'Type': 'electric_bike'}"
3f57325a1309abe53590ef861f3a2c9a6d4a4e6027ce835ce4bc05574a70b5926ba7a567f2990cb943e1bc926be46996d9c0f981aac20ee80203bf0a97813246,,2022-12-14 18:28:00,20,RAIN,"DARKNESS, LIGHTED ROAD",OTHER OBJECT,DIVIDED - W/MEDIAN (NOT RAISED),STRAIGHT AND LEVEL,WET,NO INJURY / DRIVE AWAY,WOLF POINT PLZ,41.8880235436,-87.6364035514,POINT (-87.636403551437 41.888023543591),"{'Mode': 'rental', 'Type': 'electric_bike'}"
bcc12f6632b5c97d0f5f225be68ff4194518f6cb0d1a4ac03c648752ef92411e1d8301c070324d90de5146ab926788147448997b0d07ba93cebe10df25757c81,,2022-12-14 19:53:00,30,RAIN,"DARKNESS, LIGHTED ROAD",PEDALCYCLIST,NOT DIVIDED,STRAIGHT AND LEVEL,WET,NO INJURY / DRIVE AWAY,JEFFERSON ST,41.8805826251,-87.6424725001,POINT (-87.642472500132 41.880582625074),"{'Mode': 'rental', 'Type': 'classic_bike'}"
7e81741f4a51c504b09d7be2cb6d37e72b2b54dda826b3dce24153c0d4166a3604d0cae6dd313ac038c3c69279de60da6f55d63fc4388233f4fe8a18b9059af5,,2023-03-11 15:00:00,30,UNKNOWN,UNKNOWN,PEDALCYCLIST,FOUR WAY,STRAIGHT AND LEVEL,UNKNOWN,INJURY AND / OR TOW DUE TO CRASH,MILWAUKEE AVE,41.8917898081,-87.6482936546,POINT (-87.648293654627 41.891789808105),"{'Mode': 'rental', 'Type': 'classic_bike'}"
538c018cfeb3c9288f3d922b95f81e36f5cc432ee10aa8bcf1f6938ed9efe25f21d3dc9710433b1da62916303afbd183a654fb4d4c2c7f4a98e9a8aac218f1fa,,2023-03-31 14:35:00,30,CLEAR,DAYLIGHT,PEDALCYCLIST,CENTER TURN LANE,STRAIGHT AND LEVEL,DRY,INJURY AND / OR TOW DUE TO CRASH,CHICAGO AVE,41.8967860509,-87.6282808746,POINT (-87.62828087456 41.896786050908),"{'Mode': 'rental', 'Type': 'electric_bike'}"
f82089c4461b9ae606a89add0a35352c59b8fbd289a52f02f2d096740e3e4de24416abc1fc5fd713c13b366c845d3624c3c4212573e074cb2a86cf4cab629d12,,2023-04-11 17:54:00,30,CLEAR,DAYLIGHT,PEDALCYCLIST,NOT DIVIDED,STRAIGHT AND LEVEL,DRY,INJURY AND / OR TOW DUE TO CRASH,MONTROSE AVE,41.9613889267,-87.6757672492,POINT (-87.675767249157 41.961388926696),"{'Mode': 'rental', 'Type': 'classic_bike'}"
516117fea290c513b1acdae45ffc5c048afb6c8416ea9f8a14dcb1b1fa48d48c726dbf1f49fe8161978bb1014e3cac654718c099fefa1d95d53cb7d684b6ee03,,2023-04-12 10:11:00,30,CLEAR,DAYLIGHT,PEDALCYCLIST,ONE-WAY,STRAIGHT ON GRADE,DRY,INJURY AND / OR TOW DUE TO CRASH,CLARK ST,41.886018053,-87.6308364569,POINT (-87.630836456915 41.886018052969),"{'Mode': 'rental', 'Type': 'classic_bike'}"
6b561888fb3f4ca76ae1c2126a2908f22cb8f4a0afdfdc1a627015abc17a7f1248df0acf00bb5ea2d8e27938021e02b25fe552a4a59339a58470c85dfd2afd95,,2023-04-28 17:00:00,30,CLEAR,DAYLIGHT,FIXED OBJECT,ALLEY,STRAIGHT AND LEVEL,DRY,NO INJURY / DRIVE AWAY,ASHLAND AVE,41.9510164267,-87.668821743,POINT (-87.668821742952 41.951016426738),"{'Mode': 'rental', 'Type': 'classic_bike'}"
91a3defccda90a09b373d875b8456bc170c1b1fe167522a0243fa59cc0ab29fe56d196c44d630719d4db76caa1af81c9f3a8ea71dfe7f8aaab12eb39f5f0f136,,2023-05-10 14:15:00,30,CLEAR,DAYLIGHT,PEDALCYCLIST,NOT DIVIDED,STRAIGHT AND LEVEL,DRY,INJURY AND / OR TOW DUE TO CRASH,BELMONT AVE,41.9398726156,-87.6639452444,POINT (-87.663945244369 41.939872615605),"{'Mode': 'rental', 'Type': 'classic_bike'}"
3024eb9477b33ad7de51741e2e6ce7957853dbebbd4f6264039084b18be907a82a002b973bfba1b9c1c928279bc85f0cff3c73f8c28e357d8ebcca9a2678b589,,2023-05-23 17:45:00,30,CLEAR,DAYLIGHT,PEDALCYCLIST,DIVIDED - W/MEDIAN (NOT RAISED),STRAIGHT AND LEVEL,DRY,NO INJURY / DRIVE AWAY,ELSTON AVE,41.9298022097,-87.684141707,POINT (-87.684141707021 41.929802209653),"{'Mode': 'rental', 'Type': 'electric_bike'}"
3fe5c706efe1fc734b0df32ace33ec11aae6a213e811b00c4fceeb05c905d88968b3c2834dcd9a878738ed303cc1cddab925e626348cb32b6133b8511b45a7da,,2023-06-04 13:20:00,30,CLEAR,DAYLIGHT,PEDALCYCLIST,NOT DIVIDED,STRAIGHT AND LEVEL,DRY,INJURY AND / OR TOW DUE TO CRASH,SOUTHPORT AVE,41.9355005386,-87.6638134657,POINT (-87.663813465742 41.935500538592),"{'Mode': 'rental', 'Type': 'electric_bike'}"
0db0c9fa15bc403e56ea2a3b43203f19316e095e0ecb4955fd221e09d0a0c29fa8101dd4fca8a249eae553f2ee5adeb2ba83a383fbd5e0107dd03bb5ee11fee0,,2023-06-27 17:42:00,30,CLEAR,DAYLIGHT,PEDALCYCLIST,NOT DIVIDED,STRAIGHT AND LEVEL,DRY,INJURY AND / OR TOW DUE TO CRASH,CHICAGO AVE,41.8965584796,-87.6288592024,POINT (-87.62885920239 41.896558479606),"{'Mode': 'rental', 'Type': 'electric_bike'}"
ef72d96305dcd1770b068bbc84799dd7d9429e3ba63fb35af86585772de3246747aae6b0eb6798e0fed8818ff73e2050a9921296272ea45debfa341c219b525f,,2023-06-30 19:13:00,30,CLEAR,DAYLIGHT,PEDALCYCLIST,NOT DIVIDED,STRAIGHT AND LEVEL,WET,INJURY AND / OR TOW DUE TO CRASH,BROADWAY,41.952767097,-87.6498014362,POINT (-87.649801436197 41.952767097031),"{'Mode': 'rental', 'Type': 'classic_bike'}"
4bc0dbd8bb86b08cb84f9eb6badbb9b612055828890cf6c68a2225ae26253e2bd180e1ddde891b262029544d468b951dcf1ef9f89768da820080700fa4bd8069,,2023-06-30 19:20:00,30,CLOUDY/OVERCAST,DAYLIGHT,PEDALCYCLIST,NOT DIVIDED,STRAIGHT AND LEVEL,UNKNOWN,INJURY AND / OR TOW DUE TO CRASH,CLARK ST,41.9297596629,-87.6428486171,POINT (-87.642848617103 41.929759662869),"{'Mode': 'rental', 'Type': 'electric_bike'}"
6205749565f3305d1f90369da377359d1ad7d7de3cba3d71fa57273c71f6432d6ed70db6cf7a0a89d6d97cb48d4b4172229a62c89c388919af9bcd76810e5123,,2023-07-14 12:00:00,30,CLEAR,DAYLIGHT,PEDALCYCLIST,NOT DIVIDED,STRAIGHT AND LEVEL,DRY,NO INJURY / DRIVE AWAY,HALSTED ST,41.943664153,-87.6492292273,POINT (-87.649229227293 41.943664152961),"{'Mode': 'rental', 'Type': 'electric_bike'}"
879cc8a0e3bcab4af94674fcbad9bf9d495428769c07ec192d3b3e40ac63142cacc4a4f2764e5941ac653d654e71c577b376258f2e60f30001308c6acb019685,,2023-07-21 22:04:00,30,CLEAR,"DARKNESS, LIGHTED ROAD",PEDALCYCLIST,NOT DIVIDED,STRAIGHT AND LEVEL,DRY,INJURY AND / OR TOW DUE TO CRASH,NORTH AVE,41.9109513818,-87.6530108595,POINT (-87.653010859469 41.910951381839),"{'Mode': 'rental', 'Type': 'classic_bike'}"
2033bb74e23cfa981a331b03f4ba920ab59211404b059dda97168b9ef018e39c0fa3e269fa2578f3fbb4aff08bd4c53ea785129b7ee9365cd4400ab5d86f8032,,2023-07-23 18:37:00,30,CLEAR,DAYLIGHT,OTHER OBJECT,FOUR WAY,STRAIGHT AND LEVEL,DRY,INJURY AND / OR TOW DUE TO CRASH,MONTROSE AVE,41.9618880787,-87.6547719964,POINT (-87.654771996398 41.961888078735),"{'Mode': 'rental', 'Type': 'classic_bike'}"
ee4c2148986f4480bce0771c179cd168901eef9592464864c0c8d290ade60479fc74801b98d4c7415021c997a345025097ea2398de7be33a5283599c8fd53bc7,,2023-07-25 20:43:00,20,CLEAR,DUSK,PEDALCYCLIST,NOT DIVIDED,STRAIGHT AND LEVEL,DRY,INJURY AND / OR TOW DUE TO CRASH,SOUTHPORT AVE,41.9390936466,-87.663649569,POINT (-87.663649569022 41.939093646627),"{'Mode': 'rental', 'Type': 'classic_bike'}"
efa2f259d65b25c99c164c560267918a7cc6a7fbdac4e1b838a60fcf2e4b6a0f3e391fd74def14134d8c3275e6690b1f56a9b886123b3950c2dba7e353783737,,2023-07-26 08:00:00,30,CLEAR,DAYLIGHT,PEDALCYCLIST,ONE-WAY,STRAIGHT AND LEVEL,DRY,INJURY AND / OR TOW DUE TO CRASH,JEFFERSON ST,41.8805826251,-87.6424725001,POINT (-87.642472500132 41.880582625074),"{'Mode': 'rental', 'Type': 'classic_bike'}"
f8ec206b6d3e105d03177a954f3703d758f55c50a96989f60241ff14e7cea4b784d375318bac05e73a62b980207795e63f9b6d2d7f90845bba0e822fa923d5df,,2023-08-10 18:00:00,30,CLEAR,DAYLIGHT,PEDALCYCLIST,NOT DIVIDED,STRAIGHT AND LEVEL,DRY,INJURY AND / OR TOW DUE TO CRASH,DEARBORN ST,41.894238068,-87.629574615,POINT (-87.629574614964 41.89423806798),"{'Mode': 'rental', 'Type': 'classic_bike'}"
87986ff1cdee5064bbb222c28c7929857b849b8f51b3a51b0d3c849879858e5d72ff3d32f7343b8b56b207505094419fc974d1331cc8c3d34cae1575dd44f20e,,2023-08-11 07:30:00,30,CLEAR,DAYLIGHT,PEDALCYCLIST,NOT DIVIDED,STRAIGHT AND LEVEL,DRY,NO INJURY / DRIVE AWAY,GREEN ST,41.8856991972,-87.6487890894,POINT (-87.648789089379 41.885699197163),"{'Mode': 'rental', 'Type': 'electric_bike'}"
e2fbfb02a09359fd7a349416d1c98309265e8acf8dfd7890187158fe339305480b0f0b6da63c9884bd1b28ff95e10aed971c4886161ab3074a1db05158e5ffd1,,2023-08-15 12:00:00,20,CLEAR,DAYLIGHT,PEDALCYCLIST,NOT DIVIDED,STRAIGHT AND LEVEL,DRY,NO INJURY / DRIVE AWAY,ORLEANS ST,41.902803452,-87.63756021,POINT (-87.637560210019 41.902803452031),"{'Mode': 'rental', 'Type': 'electric_bike'}"
c3cda8326e6e5f5c553e5488a18106a21e72cc16715fbf8c5ceb109acc45e169b42978ecfd6011e9da94d8cddb40b47ff31b797c6b1e8c68994d81442562659b,,2023-08-29 09:07:00,30,CLEAR,DAYLIGHT,PEDALCYCLIST,NOT DIVIDED,STRAIGHT AND LEVEL,DRY,INJURY AND / OR TOW DUE TO CRASH,DESPLAINES ST,41.8839095299,-87.6440424108,POINT (-87.644042410805 41.883909529934),"{'Mode': 'rental', 'Type': 'classic_bike'}"
0f20859ad4e4f6f68f96bee253391f3a54ea75863c60192c957319d48deedb6119b2726c50e5b3f51023cfc4654113de4f05034b94a627ca7e18793fd318a8be,,2023-09-12 13:21:00,30,CLEAR,DAYLIGHT,PEDALCYCLIST,NOT DIVIDED,STRAIGHT AND LEVEL,DRY,NO INJURY / DRIVE AWAY,ELLIS AVE,41.7942609932,-87.601221717,POINT (-87.601221717037 41.79426099321),"{'Mode': 'rental', 'Type': 'classic_bike'}"
8072ef69905ccfeea2e036ab1f92f4ff3a78fc3874a5e09f550cbdc8d3c4f43a1472a73036cf013c0d9d33431d3db6668940a705312d0a640a3dfafbb8db87e5,,2023-09-15 16:24:00,35,CLEAR,DAYLIGHT,PEDALCYCLIST,NOT DIVIDED,STRAIGHT AND LEVEL,DRY,INJURY AND / OR TOW DUE TO CRASH,18TH ST,41.8576430378,-87.6318500315,POINT (-87.63185003155 41.857643037815),"{'Mode': 'rental', 'Type': 'electric_bike'}"
cbfddac78aca086d0bc4c10f36562d7d8aacc88d495f931ea03068bf68ed12f260b82a58c98701447d7685548374236bab465bfe1ee484db74e4c6e7b9a0663d,,2023-10-02 17:58:00,30,CLEAR,DAYLIGHT,PEDALCYCLIST,ONE-WAY,STRAIGHT AND LEVEL,DRY,NO INJURY / DRIVE AWAY,RANDOLPH ST,41.8846019061,-87.6276141748,POINT (-87.62761417477 41.884601906141),"{'Mode': 'rental', 'Type': 'classic_bike'}"
ca20a9ae9d528dfcc094a2d55c532741f905db1b1180255cace773fb5960aac447bc0b33c45c246724b4833418841408c74159c00351b89eaefb95ce419643de,,2023-10-03 09:36:00,30,CLEAR,DAYLIGHT,PEDALCYCLIST,NOT DIVIDED,STRAIGHT AND LEVEL,DRY,INJURY AND / OR TOW DUE TO CRASH,PEORIA ST,41.881808327,-87.6495523873,POINT (-87.649552387349 41.881808326999),"{'Mode': 'rental', 'Type': 'classic_bike'}"
8f89963e113c28691adc84a4bf145823d6e4a84b020674b99c6b18a99bbab3fe89d6019d2fde1203eaf4dcebbdb657284b6c2cb4bb3e827a7dedfa3dd1bce47e,,2023-10-03 16:35:00,30,CLEAR,DAYLIGHT,PEDALCYCLIST,FOUR WAY,STRAIGHT AND LEVEL,DRY,NO INJURY / DRIVE AWAY,STATE ST,41.8845243618,-87.627764549,POINT (-87.627764548957 41.884524361763),"{'Mode': 'rental', 'Type': 'classic_bike'}"
9b32c807663bb75089e2885724274b0de018956555ce49c69276a6145939360d24d7519723d93c881f3fa54659059dec765ba43dbd3aa0ab02d7e1ecb2510faf,,2023-10-15 15:30:00,25,CLEAR,DAYLIGHT,PEDALCYCLIST,DIVIDED - W/MEDIAN (NOT RAISED),STRAIGHT AND LEVEL,DRY,INJURY AND / OR TOW DUE TO CRASH,CLARK ST,41.944655826,-87.6546280651,POINT (-87.654628065084 41.944655825988),"{'Mode': 'rental', 'Type': 'classic_bike'}"
56d3a2be6f5042b850a08348b29f3ba32d751fc40bb83a6ece6678b03dd59bceca5d02450d3e485682b96f8675653071d1c7f6e658afa36abe7b05ea860a043c,,2023-11-03 17:10:00,25,CLEAR,DAYLIGHT,PEDALCYCLIST,NOT DIVIDED,STRAIGHT AND LEVEL,DRY,INJURY AND / OR TOW DUE TO CRASH,ELLIS AVE,41.7946538095,-87.601231771,POINT (-87.601231770997 41.794653809479),"{'Mode': 'rental', 'Type': 'classic_bike'}"
4200b8e00fe38c734725d954a2332219ca9a376caaf44b9af59021e17a416c6b940d3787251bc5a73264fbb1b20fe99a74b3e528acec5e57fdebd8b93c2af021,,2023-11-07 17:42:00,30,CLEAR,"DARKNESS, LIGHTED ROAD",PEDALCYCLIST,NOT DIVIDED,STRAIGHT AND LEVEL,DRY,INJURY AND / OR TOW DUE TO CRASH,HALSTED ST,41.8646813334,-87.6469904083,POINT (-87.646990408329 41.864681333354),"{'Mode': 'rental', 'Type': 'classic_bike'}"
91cdb367d65e83e1242b8771557202a2ac325f70a1126bf5da85fc605f7b5dfa63fc7efc497869d743044b188dec0bbeedaff19e2783b0946ff953d4addb8808,,2023-11-12 12:41:00,35,CLEAR,DAYLIGHT,PEDALCYCLIST,NOT DIVIDED,STRAIGHT AND LEVEL,DRY,INJURY AND / OR TOW DUE TO CRASH,CHICAGO AVE,41.8965584796,-87.6288592024,POINT (-87.62885920239 41.896558479606),"{'Mode': 'rental', 'Type': 'classic_bike'}"
356abd662c505fe7bade2e28e081aaecf24965c763791d85f9175ae1c03e3f5b8ca68d0bdba16369baa9efadf1684877e5a5c273e82ba6f2eaa93f893616baf9,,2023-11-14 18:45:00,25,CLEAR,DUSK,PEDALCYCLIST,T-INTERSECTION,STRAIGHT AND LEVEL,DRY,NO INJURY / DRIVE AWAY,18TH ST,41.8575245027,-87.6409163845,POINT (-87.64091638453 41.857524502747),"{'Mode': 'rental', 'Type': 'electric_bike'}"
b49ae77a51accd044ad962efd6b423c70e86aaa50bb4d1f91caf7d33dcf7d8282f6720b4137a17699f2e365221cfa35bc07bee12ee52eef01d448e175e4b4bb7,,2023-12-06 11:00:00,30,CLEAR,DAYLIGHT,OTHER OBJECT,DIVIDED - W/MEDIAN (NOT RAISED),STRAIGHT AND LEVEL,UNKNOWN,NO INJURY / DRIVE AWAY,LAWRENCE AVE,41.9692015505,-87.6547084477,POINT (-87.654708447748 41.9692015505),"{'Mode': 'rental', 'Type': 'electric_bike'}"
7b1897cd6a2d2e9e966027cd1a6dd44c8a38ec79fd2928555af515df5f8e5548a0a8b6d0b89f197742cb87553b1920ada526045cf4fa8b7df3cd04d95b7f1abc,,2023-12-19 06:45:00,30,CLEAR,DAYLIGHT,PEDALCYCLIST,FOUR WAY,STRAIGHT AND LEVEL,DRY,INJURY AND / OR TOW DUE TO CRASH,GRAND AVE,41.8917983175,-87.6267823912,POINT (-87.626782391206 41.891798317499),"{'Mode': 'rental', 'Type': 'classic_bike'}"
80c7dad3b6dcf366d0b6a38245565abbef251638de95695f76b7bcc01e8d8df8d614b64d8af0c1400bebecb7093e7fff4cfc65cdd0a2fd7fea0c07a00f74a404,,2024-03-07 13:45:00,30,CLEAR,DAYLIGHT,PEDALCYCLIST,NOT DIVIDED,STRAIGHT AND LEVEL,DRY,INJURY AND / OR TOW DUE TO CRASH,HUBBARD ST,41.8899261089,-87.6299436377,POINT (-87.629943637696 41.88992610889),"{'Mode': 'rental', 'Type': 'electric_bike'}"
136f36429d50bf6f7bb5dc75b34b509a846b59c65f0735e3d8a017178ac359a78e40f9c249672d41aff36770cff6547fd0dbe159eff224db3854f80b6d607f1d,,2024-04-30 17:40:00,30,UNKNOWN,UNKNOWN,PEDALCYCLIST,NOT DIVIDED,STRAIGHT AND LEVEL,UNKNOWN,NO INJURY / DRIVE AWAY,DESPLAINES ST,41.8889181736,-87.6444779729,POINT (-87.64447797293 41.88891817356),"{'Mode': 'rental', 'Type': 'classic_bike'}"
eb4c6d2618bce81a94741ea9ed82fcec5280e72830a3844844c1d01132e44fb4450b364b9d3b753026f8f487c4810a3d06fe9ee286bae7da85ace40606f2a7e4,,2024-05-03 18:25:00,30,CLEAR,DAYLIGHT,PEDALCYCLIST,NOT DIVIDED,STRAIGHT AND LEVEL,DRY,INJURY AND / OR TOW DUE TO CRASH,LINCOLN AVE,41.9240804506,-87.6466398691,POINT (-87.646639869054 41.924080450622),"{'Mode': 'rental', 'Type': 'classic_bike'}"
ba3bc140e3b7371056f1466b89139b208b41fd02b0aac6b3709ac0c78d81ee84a27dc2e8a7924a7e66b58115a5b739166a98d762da7e8750fff630c40a802414,,2024-05-08 08:46:00,30,CLEAR,DAYLIGHT,PEDALCYCLIST,T-INTERSECTION,STRAIGHT AND LEVEL,DRY,NO INJURY / DRIVE AWAY,DEARBORN ST,41.8844460794,-87.629602189,POINT (-87.629602188986 41.884446079412),"{'Mode': 'rental', 'Type': 'classic_bike'}"
b457ce42e17dd24adb7035572f9146e1c0871bacb94b7f487e00b6a632ed4669b00dda2dfda1e45cea69dc92a6af3735300096655e0ac58935d3031eb534dbc1,,2024-05-08 17:57:00,30,CLEAR,DAYLIGHT,PEDALCYCLIST,FOUR WAY,STRAIGHT AND LEVEL,DRY,INJURY AND / OR TOW DUE TO CRASH,WABASH AVE,41.8675245555,-87.6256838262,POINT (-87.625683826157 41.867524555498),"{'Mode': 'rental', 'Type': 'classic_bike'}"
bbace4cb40286cf946c9d7dc133e7f8cabcfd7fbca7b50c4815b506fc0459d5034863bdd6cc189e8e513e29bc41577387975c22bee5f25bd5470f74f30f460d8,,2024-05-15 18:51:00,30,CLEAR,DAYLIGHT,PEDALCYCLIST,NOT DIVIDED,STRAIGHT AND LEVEL,DRY,INJURY AND / OR TOW DUE TO CRASH,IRVING PARK RD,41.9545969221,-87.6546272474,POINT (-87.654627247399 41.954596922053),"{'Mode': 'rental', 'Type': 'electric_bike'}"
4b20c0198d0a1b8f2f6d2a772ffdb8d3f264fc04e2124a510ee1686c202a7071bd62647931f9b088afb45f0ec365defcb34128a4ab4c6e00f3831dee71b866fd,,2024-05-19 13:55:00,35,CLEAR,DAYLIGHT,PEDALCYCLIST,NOT DIVIDED,STRAIGHT AND LEVEL,DRY,INJURY AND / OR TOW DUE TO CRASH,CLARK ST,41.9184483652,-87.6362638088,POINT (-87.636263808758 41.918448365232),"{'Mode': 'rental', 'Type': 'classic_bike'}"
209cd7fd76337769d9beac20af61d65d5ce62201590bcd79a307dafcba444ff46e0188ff3fa2750a42aa78a35dadd3c872857985e291edb38f3235f1710dd31d,,2024-05-25 13:53:00,25,CLEAR,DAYLIGHT,PEDALCYCLIST,ONE-WAY,STRAIGHT AND LEVEL,DRY,INJURY AND / OR TOW DUE TO CRASH,RANDOLPH ST,41.8843729535,-87.6295986195,POINT (-87.629598619544 41.884372953468),"{'Mode': 'rental', 'Type': 'classic_bike'}"
8a05c55f1dc0d18863ae788e82205b076254f3557589ae884ffc05bbabf69a196afa69331f10763aa583eccd0b2e26f556c4ccafa5ebb900eb48195da70c1a5d,,2024-06-07 16:05:00,30,CLEAR,DAYLIGHT,PEDALCYCLIST,ONE-WAY,STRAIGHT AND LEVEL,DRY,INJURY AND / OR TOW DUE TO CRASH,GRAND AVE,41.8917959811,-87.6266474462,POINT (-87.62664744621 41.891795981143),"{'Mode': 'rental', 'Type': 'classic_bike'}"
4c9396af0468f968f268f4d29dede854f21cfe2cc5dba824f1722a031a05c8f7e4bdadc81ef2955dde4deccf6ff9ab8b819dced5a18387903a899de2a2598d73,,2024-06-12 17:23:00,30,CLEAR,DAYLIGHT,PEDALCYCLIST,FOUR WAY,STRAIGHT AND LEVEL,DRY,NO INJURY / DRIVE AWAY,RACINE AVE,41.8616297134,-87.6563826697,POINT (-87.656382669729 41.861629713407),"{'Mode': 'rental', 'Type': 'classic_bike'}"
ad15204c22487e0bcdcf8780df840d286072897ef006b46b42226bee8fc8b73300d65bf0c10f5d60b6c3a3ba5b575b1e9581eda71291dc339f2ae6f1ff98674c,,2024-06-16 15:13:00,30,CLEAR,DAYLIGHT,PEDALCYCLIST,NOT DIVIDED,STRAIGHT AND LEVEL,DRY,INJURY AND / OR TOW DUE TO CRASH,LINCOLN AVE,41.9521017497,-87.677489986,POINT (-87.677489986046 41.952101749687),"{'Mode': 'rental', 'Type': 'electric_bike'}"
caa107cf4e91ff52192f18a11f5c72505f0a1dd0e3b0b755ae08b48cf57dc35c91513db67ce07eb69139e646562861fadba5137eed7cbfe028f09bab61c52193,,2024-06-27 09:26:00,35,CLEAR,DAYLIGHT,PEDALCYCLIST,Y-INTERSECTION,"CURVE, LEVEL",DRY,INJURY AND / OR TOW DUE TO CRASH,CLARENDON AVE,41.9532127227,-87.6498162757,POINT (-87.649816275697 41.953212722704),"{'Mode': 'rental', 'Type': 'electric_bike'}"
3ab1279b2ae70f406566e2fdd69707777bcceef9cbd6993c025f664a8ec64b177324d6b367c363825e2a9304c98d91b4726fa59e28b02222aabeec87762e9067,,2024-06-27 09:40:00,30,CLEAR,DAYLIGHT,PEDALCYCLIST,DIVIDED - W/MEDIAN (NOT RAISED),STRAIGHT AND LEVEL,UNKNOWN,NO INJURY / DRIVE AWAY,IRVING PARK RD,41.9545969221,-87.6546272474,POINT (-87.654627247399 41.954596922053),"{'Mode': 'rental', 'Type': 'classic_bike'}"
6e26f68dd2e569f347ffe10cca7f237c57e41b4c152a5a2d156a587db956cad21a1dcfe7277fa8d8bc369e2d24cbe0c92b98da6609e13e08a22a2858083418e5,,2024-06-29 17:50:00,30,CLEAR,"DARKNESS, LIGHTED ROAD",PEDALCYCLIST,DIVIDED - W/MEDIAN BARRIER,STRAIGHT AND LEVEL,DRY,NO INJURY / DRIVE AWAY,MICHIGAN AVE,41.8782173453,-87.6244558403,POINT (-87.624455840297 41.878217345311),"{'Mode': 'rental', 'Type': 'classic_bike'}"
9b768272688df10230a9fefe6960582a20d11f5f3f0bdaade7c9339cd119aedd128cf439669526f74a351a4e94bd3c72eefa4f755b5408f5ab8a9b9d8a0c0ee2,,2024-06-30 13:56:00,20,CLEAR,DAYLIGHT,PEDALCYCLIST,ONE-WAY,STRAIGHT AND LEVEL,DRY,NO INJURY / DRIVE AWAY,HURON ST,41.8949016164,-87.6342299275,POINT (-87.634229927548 41.894901616419),"{'Mode': 'rental', 'Type': 'electric_bike'}"
320338b0949868fb74b3949169ef5e6d25297277f72f687343dbd7d621454c94fce100b5362bac341598b44f1320e678eca93ce4b03d21ae2605b143f180d030,,2024-06-30 22:04:00,30,CLEAR,"DARKNESS, LIGHTED ROAD",PEDALCYCLIST,ONE-WAY,STRAIGHT AND LEVEL,DRY,INJURY AND / OR TOW DUE TO CRASH,DEARBORN ST,41.8896342529,-87.6297442999,POINT (-87.629744299862 41.889634252878),"{'Mode': 'rental', 'Type': 'electric_bike'}"
f162640fcfb0512f7c1a4937df036ba33d58423055deb94b304fb48b4160499471956f9e6570cf2f532a7875e4146e8b607e5561b97567586b372f6b5524b9ac,,2024-07-10 17:21:00,35,CLEAR,DAYLIGHT,PEDALCYCLIST,FOUR WAY,STRAIGHT AND LEVEL,DRY,INJURY AND / OR TOW DUE TO CRASH,HUBBARD ST,41.8899249572,-87.6300321139,POINT (-87.630032113914 41.88992495721),"{'Mode': 'rental', 'Type': 'electric_bike'}"
8fc644db70d37cce4a5bf3047f0ffdc9ee78278948be87dfa4c36477d5d2b52040081211ff2aeda1a55dfe4be4a18bac35db2a21a7e68cd4071a8d338c17f49d,,2024-07-16 08:01:00,30,CLEAR,DAYLIGHT,PEDALCYCLIST,FOUR WAY,STRAIGHT AND LEVEL,DRY,INJURY AND / OR TOW DUE TO CRASH,CORTLAND ST,41.9163625315,-87.666311232,POINT (-87.666311231958 41.91636253151),"{'Mode': 'rental', 'Type': 'classic_bike'}"
dbb7c5c085239ad2d8f58f499a35c151434f4bb7142bc18ca75e24f17cb8ecb3a6a58b7e9654e75acba6b178ffdf7626cfdd5fb63b79264ecd3fb21ba5804db2,,2024-07-17 19:50:00,30,CLEAR,DUSK,PEDALCYCLIST,ONE-WAY,STRAIGHT AND LEVEL,DRY,NO INJURY / DRIVE AWAY,WAVELAND AVE,41.94902541,-87.6485827742,POINT (-87.648582774196 41.949025410023),"{'Mode': 'rental', 'Type': 'electric_bike'}"
b2a7272130b67c71cd7fd449ac0df75331ed94875bf61e00eab61aeb0460c46dc5a609555bd1cda3e12b1b97a274cda66d5bc5740112f9b2c6ee9f2bd8ca53bc,,2024-07-19 11:00:00,35,CLEAR,DAYLIGHT,PEDALCYCLIST,OTHER,STRAIGHT AND LEVEL,DRY,NO INJURY / DRIVE AWAY,WELLS ST,41.8845039272,-87.6337491623,POINT (-87.633749162342 41.884503927245),"{'Mode': 'rental', 'Type': 'classic_bike'}"
5c336b912d8b7c4dc2a0f59c317237fb38e94109e3c739e157ecdef1659235f7ad824cbc4918da0b2d6d4ab035290843f2a9fe8bb122231f72042157517694ac,,2024-07-19 16:15:00,30,CLEAR,DAYLIGHT,OTHER OBJECT,DIVIDED - W/MEDIAN (NOT RAISED),STRAIGHT AND LEVEL,DRY,INJURY AND / OR TOW DUE TO CRASH,LINCOLN AVE,41.9320668084,-87.6582330683,POINT (-87.658233068295 41.932066808405),"{'Mode': 'rental', 'Type': 'classic_bike'}"
80c624c447482e11059f51b4b459d07c1e5b967b36ce0b97896d38acd847f06592ae629ff0b4a9a2803ff7618f2a243036b960c862e7677c6252c547e06417dc,,2024-07-30 16:30:00,30,CLEAR,DAYLIGHT,PARKED MOTOR VEHICLE,NOT DIVIDED,STRAIGHT AND LEVEL,DRY,NO INJURY / DRIVE AWAY,TAYLOR ST,41.8695709595,-87.6540092069,POINT (-87.654009206899 41.869570959539),"{'Mode': 'rental', 'Type': 'classic_bike'}"
f8017071882e52fd60fa4d2783c91568b994f513323e0df4e46643cce15323b894a4b48cb3f291e007717c6a3b89ea4f9313e53737777122c09ef9d33fbe8bf2,,2024-07-30 18:02:00,30,CLEAR,DAYLIGHT,PEDESTRIAN,NOT DIVIDED,STRAIGHT AND LEVEL,DRY,INJURY AND / OR TOW DUE TO CRASH,BROADWAY,41.9373384373,-87.6444564715,POINT (-87.644456471505 41.937338437309),"{'Mode': 'rental', 'Type': 'electric_bike'}"
c42d7f6db350b51dc2d3b40807e97a63cdc0d99d64e8bce8ea9a22f1b94d9e66f678dc908ea32c6883863d7ce59eb7523596fd6dcd4c708646f9d616702595c2,,2024-08-03 19:27:00,30,CLEAR,DUSK,PEDALCYCLIST,DIVIDED - W/MEDIAN BARRIER,STRAIGHT AND LEVEL,DRY,NO INJURY / DRIVE AWAY,ASHLAND AVE,41.9032981952,-87.6676408142,POINT (-87.667640814158 41.903298195238),"{'Mode': 'rental', 'Type': 'classic_bike'}"
dd77503acd38c6043601b3d16858d473219355ecb9128b9870127d65d6120e18ae50baaae839c9ec058f3ca06961c35d9b64c6ba623b76f8bd760fb31ec4f6ac,,2024-08-04 18:10:00,30,CLEAR,DAYLIGHT,PEDALCYCLIST,NOT DIVIDED,STRAIGHT AND LEVEL,DRY,INJURY AND / OR TOW DUE TO CRASH,LAKE ST,41.885592272,-87.6420002935,POINT (-87.642000293519 41.885592271974),"{'Mode': 'rental', 'Type': 'classic_bike'}"
54f4809fd3ad05c8335819bf18d1e51cc13571f5e5cd0101203eaea3a3c22b6368b3cfeba87632ab263d4263ee7f7effbf2b6fa714362ce6fa76d575b7ed202f,,2024-08-08 13:50:00,25,CLEAR,DAYLIGHT,PEDALCYCLIST,ONE-WAY,STRAIGHT AND LEVEL,UNKNOWN,INJURY AND / OR TOW DUE TO CRASH,LELAND AVE,41.9669732778,-87.6668827799,POINT (-87.666882779925 41.966973277826),"{'Mode': 'rental', 'Type': 'electric_bike'}"
93b98ff91e7e850296271ae25e65885a9753f1ad6ec2bf47587bcb6ab97e0755c6200b3b0a1c8d1715826f93ec8428ef02e5191f2a98c4fa3137a190aca7cec3,,2024-08-09 21:15:00,35,CLEAR,"DARKNESS, LIGHTED ROAD",PEDALCYCLIST,NOT DIVIDED,STRAIGHT AND LEVEL,DRY,INJURY AND / OR TOW DUE TO CRASH,HALSTED ST,41.8648845442,-87.6467036088,POINT (-87.64670360884 41.864884544168),"{'Mode': 'rental', 'Type': 'electric_bike'}"
a0b457d151de15612fe2e4f3fb1d0b4a813317ffbc461a642a20a98d9df4ad35e0de943685319d52e7fad4b3937a78c4ab7af49c23edbb42bbab2ef857369ed4,,2024-08-23 16:07:00,20,CLEAR,DAYLIGHT,PEDALCYCLIST,NOT DIVIDED,STRAIGHT AND LEVEL,DRY,INJURY AND / OR TOW DUE TO CRASH,ADDISON ST,41.9471694213,-87.6644998468,POINT (-87.664499846814 41.947169421314),"{'Mode': 'rental', 'Type': 'electric_bike'}"
f4482eb95ed97ab52f65b569e527ea475ccb9579c4b867c26727a1f84fcd132d8c493806725e35543fced59044992302892380b20b8284d5b1372e30f7c3c6f4,,2024-08-29 08:45:00,30,CLEAR,DAYLIGHT,PEDALCYCLIST,NOT DIVIDED,STRAIGHT AND LEVEL,DRY,INJURY AND / OR TOW DUE TO CRASH,DEARBORN ST,41.8796760401,-87.6295022827,POINT (-87.629502282668 41.879676040117),"{'Mode': 'rental', 'Type': 'classic_bike'}"
a91266396811320ae0c1c1f4f3942ebd2f5da3c357239af0e986a334ce471cb7d3c91a0b39705d2a273963c73e93093f8fa841da20a0dfcd911f5d35f75791a4,,2024-09-03 12:00:00,30,CLEAR,DAYLIGHT,PEDALCYCLIST,FOUR WAY,STRAIGHT AND LEVEL,DRY,NO INJURY / DRIVE AWAY,ADAMS ST,41.8792031111,-87.6395518214,POINT (-87.639551821383 41.879203111052),"{'Mode': 'rental', 'Type': 'classic_bike'}"
f5ca4702acd10791d9424a1cea2a28843629ffc075bfbb37185ca332b7a41d29f12a6021dd728b3a3c48917ef9db88418f88a33f9891a104c66934f0a419b382,,2024-09-04 19:15:00,30,CLEAR,"DARKNESS, LIGHTED ROAD",PEDALCYCLIST,NOT DIVIDED,STRAIGHT AND LEVEL,DRY,INJURY AND / OR TOW DUE TO CRASH,CLARK ST,41.9364425782,-87.6476648749,POINT (-87.647664874864 41.936442578178),"{'Mode': 'rental', 'Type': 'classic_bike'}"
45abb7d242974a74f8ee78147d7b460d11cb022142fca3c2600a30faa19b0d76d5fc30cda06bfd6c707730a3175e81620fad549f1c30e6e3c64c124057f0b77c,,2024-09-07 16:15:00,30,CLEAR,DAYLIGHT,OTHER OBJECT,DIVIDED - W/MEDIAN (NOT RAISED),STRAIGHT AND LEVEL,DRY,INJURY AND / OR TOW DUE TO CRASH,CLARK ST,41.9504574117,-87.6593142611,POINT (-87.659314261116 41.950457411659),"{'Mode': 'rental', 'Type': 'electric_bike'}"
3d642cde1ffb736419a9d8bec586da07f08e0c0844d84376c39008544a47a9e89c267aa3ca4237936b6cf50cf0a08a9190ed7aa065508369f50dd3308aa9df71,,2024-09-09 19:04:00,15,CLEAR,DUSK,PEDALCYCLIST,ONE-WAY,STRAIGHT AND LEVEL,DRY,INJURY AND / OR TOW DUE TO CRASH,FULTON MARKET,41.8869007617,-87.6483541263,POINT (-87.648354126268 41.886900761733),"{'Mode': 'rental', 'Type': 'classic_bike'}"
5a89239a3bd69976e517819308ba2d592f000ac0d21a0a45a82b31f5ae3f32a6176ef84f9afccf25bf7aa5cd042f2b2798b3d323abd2d74f083e3df7760edbf1,,2024-09-11 14:44:00,20,CLEAR,DAYLIGHT,PEDALCYCLIST,NOT DIVIDED,STRAIGHT AND LEVEL,DRY,NO INJURY / DRIVE AWAY,SOUTHPORT AVE,41.9480045508,-87.6641862307,POINT (-87.664186230701 41.94800455083),"{'Mode': 'rental', 'Type': 'electric_bike'}"
257d03ed7a7ff86496200f5257b4af2dbddecd41429d0adff0189eb03f634e7b0c4edd0eda256c599a3a22aaa2e6b9809b1e8379da529321603686c38b6f6302,,2024-09-12 08:35:00,30,CLEAR,DAYLIGHT,PEDALCYCLIST,DIVIDED - W/MEDIAN (NOT RAISED),STRAIGHT AND LEVEL,DRY,INJURY AND / OR TOW DUE TO CRASH,FULLERTON AVE,41.9245243043,-87.7145086554,POINT (-87.714508655419 41.924524304297),"{'Mode': 'rental', 'Type': 'classic_bike'}"
a8d3b80638e732aa396167473e896bd6c86e2d7486c8f33b7448973f31c4b82815e28e53508ee774e766379a8a61e217f91a4a9540fc97994713e9c37f439887,,2024-09-14 23:00:00,30,UNKNOWN,UNKNOWN,FIXED OBJECT,NOT DIVIDED,STRAIGHT AND LEVEL,UNKNOWN,INJURY AND / OR TOW DUE TO CRASH,LINCOLN AVE,41.9239529807,-87.6464616294,POINT (-87.64646162935 41.923952980727),"{'Mode': 'rental', 'Type': 'electric_bike'}"
82166913ea962a6df583971a2172268190dbab7eddac16319ad2759b06d23d5f879b27e3bf02e763a41bbf96528738438f64e67c94ac3669adc1e4970a811d1c,,2024-09-16 17:32:00,25,CLEAR,DAYLIGHT,PEDALCYCLIST,T-INTERSECTION,STRAIGHT AND LEVEL,DRY,NO INJURY / DRIVE AWAY,HALSTED ST,41.8539227861,-87.6466759794,POINT (-87.646675979396 41.853922786104),"{'Mode': 'rental', 'Type': 'classic_bike'}"
3b509e100e4cc10bc096e2f3a1badeed91df9eda17a87d8b6875804f63d223be04c4d89448306f6ba61272395441d0783e075cc59562d457a6cad2a819fe883b,,2024-09-17 20:25:00,25,CLEAR,DAYLIGHT,PEDALCYCLIST,TRAFFIC ROUTE,STRAIGHT AND LEVEL,DRY,INJURY AND / OR TOW DUE TO CRASH,WABASH AVE,41.8675245555,-87.6256838262,POINT (-87.625683826157 41.867524555498),"{'Mode': 'rental', 'Type': 'electric_scooter'}"
f4759be60e2b2affa94fb741a024fc3d58cdc7e06031ba4e8468ab0a18733ea5df548c7c8135654801aaa0737d622229dfa3d0b7b84db069ac48c031322cc428,,2024-09-23 16:43:00,30,CLEAR,DAYLIGHT,PEDALCYCLIST,ONE-WAY,STRAIGHT AND LEVEL,DRY,INJURY AND / OR TOW DUE TO CRASH,WABASH AVE,41.8916506877,-87.6265698496,POINT (-87.626569849581 41.891650687678),"{'Mode': 'rental', 'Type': 'electric_bike'}"
cb42e012ff06256bac054a737f10a7baeac20a2a935e2d216d5ecb77b4f5fddede73e1ecfcccf47f310c095e7d6edae709fb33976f035a3238c0b5efbd963650,,2024-09-27 22:54:00,35,CLEAR,"DARKNESS, LIGHTED ROAD",PEDALCYCLIST,T-INTERSECTION,STRAIGHT AND LEVEL,DRY,INJURY AND / OR TOW DUE TO CRASH,MICHIGAN AVE,41.8808927846,-87.6241895271,POINT (-87.624189527131 41.880892784602),"{'Mode': 'rental', 'Type': 'electric_bike'}"
7d06830606838af551e26613cd85a4daf0b3378a52af193bd1c158e526f80b96fa48589d56a6cdd34c1b93ff4ac18a740ffbdb6bad5569afa849b44d00a29bd9,,2024-09-28 23:30:00,30,CLEAR,"DARKNESS, LIGHTED ROAD",OTHER OBJECT,FOUR WAY,STRAIGHT AND LEVEL,DRY,INJURY AND / OR TOW DUE TO CRASH,WELLS ST,41.8900209081,-87.6341761626,POINT (-87.634176162615 41.890020908064),"{'Mode': 'rental', 'Type': 'electric_bike'}"
7e8d6c0bc27c8471b7596e0c432498bf53039481ca1ba4f49a284b2f2e5e873acf9cb8a189ddb40b23311fd8037dc439f017b8eeda8226915f7d3fb419659b1a,,2024-09-29 15:15:00,30,CLEAR,DAYLIGHT,PEDALCYCLIST,NOT DIVIDED,STRAIGHT AND LEVEL,DRY,INJURY AND / OR TOW DUE TO CRASH,HALSTED ST,41.9502903792,-87.6497315231,POINT (-87.649731523109 41.950290379189),"{'Mode': 'rental', 'Type': 'electric_scooter'}"
090c9a1ee0aa3e361e60ae5389537612a93a1ba91651ec9f05a42de42a3c3f0f75792a5c2a67c7e09a46e2493fb1efa9a914b80aa063afa7c3df918a2428012b,,2024-10-09 16:38:00,30,CLEAR,DAYLIGHT,PEDALCYCLIST,ONE-WAY,STRAIGHT AND LEVEL,DRY,INJURY AND / OR TOW DUE TO CRASH,CLINTON ST,41.8780633538,-87.6409256179,POINT (-87.640925617863 41.878063353766),"{'Mode': 'rental', 'Type': 'classic_bike'}"
78317f95381c0e808180c539df3a73d68ed6490801905e03dd5eea45af7cc0a1fb394221da7b84f26451345658f37be0c63a3d85d652aff7dc2a0b3431b24d7d,,2024-10-10 08:46:00,30,CLEAR,DAYLIGHT,PEDALCYCLIST,NOT DIVIDED,STRAIGHT AND LEVEL,DRY,INJURY AND / OR TOW DUE TO CRASH,CHICAGO AVE,41.8964000539,-87.6537495116,POINT (-87.65374951159 41.896400053928),"{'Mode': 'rental', 'Type': 'classic_bike'}"
7a3ebdef52167e432781c450a68ed370d5ad108083a71d2f1b74d16c12258f9baf72eec81e7e646d1e787c8cd5b93283e3fc33274e8c729a6b226d11d5bf9c2f,,2024-10-30 21:28:00,30,CLEAR,DARKNESS,PEDALCYCLIST,NOT DIVIDED,STRAIGHT AND LEVEL,DRY,NO INJURY / DRIVE AWAY,RACINE AVE,41.9507018271,-87.6591104454,POINT (-87.659110445357 41.950701827106),"{'Mode': 'rental', 'Type': 'electric_bike'}"
b47c106a4b28644815a59541f3b1fd0a8484b59088dd59f70de3f4c4929ca4e11ef8a5a8e185fb5dbcabd77bc28df35044fe1e7c9cc56612809b070bbf1c68dc,,2024-11-12 12:14:00,30,CLEAR,DAYLIGHT,PEDALCYCLIST,ONE-WAY,STRAIGHT AND LEVEL,DRY,INJURY AND / OR TOW DUE TO CRASH,DEARBORN ST,41.8844460794,-87.629602189,POINT (-87.629602188986 41.884446079412),"{'Mode': 'rental', 'Type': 'classic_bike'}"
c3d5883f6c8396c23122de81f6cfee2e7d86ca8b203fcc2e6b8d68ebf7bccf8dfa634b146e09866a068a8a3f4c51ef17549dd3f503b68c21c8b37c8ded449418,,2024-11-12 17:35:00,30,CLEAR,"DARKNESS, LIGHTED ROAD",PEDALCYCLIST,NOT DIVIDED,STRAIGHT AND LEVEL,DRY,NO INJURY / DRIVE AWAY,SOUTHPORT AVE,41.9438456011,-87.6637819346,POINT (-87.663781934613 41.943845601126),"{'Mode': 'rental', 'Type': 'electric_bike'}"
460149d0258509643a4d5ee0cea60a35f88e18c8db2c759db3ac595f9abe5373246697b7f738ec192d0fc357746c548d2192dccd7a72b8d85b91b0127346e5e4,,2024-11-20 18:30:00,30,SNOW,"DARKNESS, LIGHTED ROAD",PEDALCYCLIST,FOUR WAY,STRAIGHT AND LEVEL,WET,NO INJURY / DRIVE AWAY,SEDGWICK ST,41.9220037339,-87.6390847949,POINT (-87.63908479494 41.92200373395),"{'Mode': 'rental', 'Type': 'electric_bike'}"
2f2d19debd9560376fbd92e1449474812e997c39d865399624bbd3b036a6e1e89959b9379e1e3c972672a97f8a4e152808630cfba49c26220e81f670e83faa23,,2024-11-27 18:00:00,30,UNKNOWN,UNKNOWN,PEDALCYCLIST,NOT DIVIDED,STRAIGHT AND LEVEL,DRY,INJURY AND / OR TOW DUE TO CRASH,RIDGE AVE,41.9896769356,-87.6702068165,POINT (-87.670206816488 41.98967693564),"{'Mode': 'rental', 'Type': 'electric_bike'}"
8d47b3a2ded783baa259ec9e4b56e89fdd327ac6d6e483d3646fd387838a53aeeb5c7142843858837d0299204740320ca3da587b4123a0f84a80e54e5f9c1f16,,2024-12-06 08:55:00,20,CLEAR,DAYLIGHT,PEDALCYCLIST,DIVIDED - W/MEDIAN BARRIER,STRAIGHT AND LEVEL,DRY,INJURY AND / OR TOW DUE TO CRASH,MORGAN ST,41.8716989836,-87.6510300968,POINT (-87.651030096835 41.8716989836),"{'Mode': 'rental', 'Type': 'classic_bike'}"
