CRASH_UNIT_ID,CRASH_RECORD_ID,CRASH_DATE,UNIT_NO,UNIT_TYPE,NUM_PASSENGERS,VEHICLE_ID,CMRC_VEH_I,MAKE,MODEL,LIC_PLATE_STATE,VEHICLE_YEAR,VEHICLE_DEFECT,VEHICLE_TYPE,VEHICLE_USE,TRAVEL_DIRECTION,MANEUVER,TOWED_I,FIRE_I,OCCUPANT_CNT,EXCEED_SPEED_LIMIT_I,TOWED_BY,TOWED_TO,AREA_00_I,AREA_01_I,AREA_02_I,AREA_03_I,AREA_04_I,AREA_05_I,AREA_06_I,AREA_07_I,AREA_08_I,AREA_09_I,AREA_10_I,AREA_11_I,AREA_12_I,AREA_99_I,FIRST_CONTACT_POINT,CMV_ID,USDOT_NO,CCMC_NO,ILCC_NO,COMMERCIAL_SRC,GVWR,CARRIER_NAME,CARRIER_STATE,CARRIER_CITY,HAZMAT_PLACARDS_I,HAZMAT_NAME,UN_NO,HAZMAT_PRESENT_I,HAZMAT_REPORT_I,HAZMAT_REPORT_NO,MCS_REPORT_I,MCS_REPORT_NO,HAZMAT_VIO_CAUSE_CRASH_I,MCS_VIO_CAUSE_CRASH_I,IDOT_PERMIT_NO,WIDE_LOAD_I,TRAILER1_WIDTH,TRAILER2_WIDTH,TRAILER1_LENGTH,TRAILER2_LENGTH,TOTAL_VEHICLE_LENGTH,AXLE_CNT,VEHICLE_CONFIG,CARGO_BODY_TYPE,LOAD_TYPE,HAZMAT_OUT_OF_SERVICE_I,MCS_OUT_OF_SERVICE_I,HAZMAT_CLASS
1973684,9d8272483c01c20bde2d269db47d217267846e5f6126fbf21b178350bd299e4e07c63052ea2daf0ab74aec11998ec3e9ef622cb07a74ab04ca29109893ae4110,12/21/2024 02:20:00 PM,1,DRIVER,,1880498,,UNKNOWN,MOTORIZED,XX,,UNKNOWN,MOPED OR MOTORIZED BICYCLE,PERSONAL,S,ENTER FROM DRIVE/ALLEY,,,1,,,,,,,,,,,,,,,,Y,,FRONT,,,,,,,,,,,,,,,,,,,,,,,,,,,,,,,,,
1971739,81b9bd1142a056a5dd0a1e6228e3abdd2444176800fda3f7ed928f29f72dcae86353d876840d2c747fc5d494f42f24313316365fcd612b55f9796958da7cd7ab,12/18/2024 05:38:00 PM,1,DRIVER,,1878624,,UNKNOWN,OTHER (EXPLAIN IN NARRATIVE),,,UNKNOWN,MOPED OR MOTORIZED BICYCLE,PERSONAL,N,STRAIGHT AHEAD,,,1,,,,,,,,,,,,,,,,,Y,FRONT,,,,,,,,,,,,,,,,,,,,,,,,,,,,,,,,,
1971226,4fc7463c094e70a614198bd5d9555768da122382e70e939da2b65dbaed4967361b7c479fc508f7726792f2e18be65eeb79cb041ea9e3022999f0f05a35fb0669,12/17/2024 10:56:00 PM,1,DRIVER,1,1878140,,UNKNOWN,OTHER (EXPLAIN IN NARRATIVE),IL,,UNKNOWN,MOPED OR MOTORIZED BICYCLE,PERSONAL,E,STRAIGHT AHEAD,Y,,2,,city of chicago,Lower Wacker,,Y,,,,,,,Y,Y,Y,Y,Y,,TOTAL (ALL AREAS),,,,,,,,,,,,,,,,,,,,,,,,,,,,,,,,,
1967911,92dce173be505a7846ca571fcee740e5e3a79d354bf61404822ce3e7cae5856ba8018ae06d336bfc054925856be74a815945c68b3a44fbaec5ff9ad6c2c1cb10,12/13/2024 12:58:00 PM,1,DRIVER,,1876310,,UNKNOWN,OTHER (EXPLAIN IN NARRATIVE),,,NONE,MOPED OR MOTORIZED BICYCLE,PERSONAL,N,STRAIGHT AHEAD,,,1,,,,,,,,,,,,,,,,Y,,FRONT,,,,,,,,,,,,,,,,,,,,,,,,,,,,,,,,,
1966169,f4ba62f428523478885a2c2576a9ac4d6c8b84aded732fc8e0741c70af1bcc609d64612d5a4ccc22e0b964dd8ae89fc5556814de805bdbeaf66664d3bf3fa858,12/10/2024 12:00:00 AM,2,PARKED,,1873275,,CHEVROLET,BLAZER,IL,2020,UNKNOWN,MOPED OR MOTORIZED BICYCLE,NOT IN USE,E,PARKED,,,0,,,,,Y,,,,,,,,,,Y,Y,,FRONT,,,,,,,,,,,,,,,,,,,,,,,,,,,,,,,,,
1952428,153a3c73c0bfb604234f04359283a080b8482f1ce6deb7e980dd7c2029698a382ee7b85f51cc84479558d3a1decd4a666f274e79699caca77287883b7372a47e,11/19/2024 07:59:00 AM,2,DRIVER,,1860042,,UNKNOWN,OTHER (EXPLAIN IN NARRATIVE),IL,2024,NONE,MOPED OR MOTORIZED BICYCLE,PERSONAL,S,STRAIGHT AHEAD,Y,,1,,private,,,,,,,,,,Y,Y,Y,,,,SIDE-LEFT,,,,,,,,,,,,,,,,,,,,,,,,,,,,,,,,,
1948801,bc864983a1ea1e0db35eb22c6170e01abbab8db7c18d7d7c397a0764e36f814601e845ec0b7cb918e35bddf36feb1314b8693664651aa3624dec269c9e894059,11/13/2024 06:57:00 PM,2,DRIVER,,1856551,,YAMAHA,YAMAHA,IL,2012,UNKNOWN,MOPED OR MOTORIZED BICYCLE,PERSONAL,N,STRAIGHT AHEAD,,,1,,,,,,,Y,Y,,,,,,,,Y,,FRONT,,,,,,,,,,,,,,,,,,,,,,,,,,,,,,,,,
1944566,a03d57cb28a21c716e7e9b5555fde90fccc2a2be8f306ea8d1f11b18c85be5d445b36cdd97e4597f94045738d6f618604f71de71108d4cf1e62b2efcdf92b862,11/07/2024 01:30:00 PM,1,DRIVER,,1852536,,UNKNOWN,OPEN BODY,,,UNKNOWN,MOPED OR MOTORIZED BICYCLE,UNKNOWN/NA,S,OTHER,,,1,,,,,Y,,,,,,,,,,Y,Y,,FRONT,,,,,,,,,,,,,,,,,,,,,,,,,,,,,,,,,
1942132,1a7f11cb703912324931e419bd4029d2c0b35688d263d54df6451ae4ce6b6a13790728312d5e44ab1e80c6c7ce775227da21aea920b1e653fb24adc58fc7271c,11/03/2024 07:15:00 PM,2,DRIVER,,1850228,,UNKNOWN,OTHER (EXPLAIN IN NARRATIVE),IL,,NONE,MOPED OR MOTORIZED BICYCLE,OTHER,N,STRAIGHT AHEAD,Y,,1,,CITY OF CHICAGO,,,,,,,,,,,,Y,Y,,,FRONT-LEFT-CORNER,,,,,,,,,,,,,,,,,,,,,,,,,,,,,,,,,
1940981,047844acca0e5e68e1f6fdabff7a5b1ff7f88e9e670f02c013162e3df3e6d8b6d856c777ba7b393117e53882d3ef0d61ba5028e6fe70e6bd500e6f6d05c25bcb,11/01/2024 10:12:00 PM,2,DRIVERLESS,,1849110,,UNKNOWN,OTHER (EXPLAIN IN NARRATIVE),NY,2024,NONE,MOPED OR MOTORIZED BICYCLE,PERSONAL,E,PARKED,,,0,,,,,,,,,,Y,,,,,,Y,,REAR,,,,,,,,,,,,,,,,,,,,,,,,,,,,,,,,,
1933686,7afc48067dd05f1b3f787d97c4676e38c6d8526a65722269cdeb1ebb0674ec9c35e256139edca1a9d268872d24200b656529067240ca36d2fcd2e9add2dd1413,10/22/2024 09:20:00 PM,1,DRIVER,,1842172,,BENELLI,BENELLI,IL,,UNKNOWN,MOPED OR MOTORIZED BICYCLE,PERSONAL,W,STRAIGHT AHEAD,,,1,,,,,,,,,,,,,,Y,Y,Y,,FRONT-LEFT-CORNER,,,,,,,,,,,,,,,,,,,,,,,,,,,,,,,,,
1942192,255b97d54694c6a4bd0dd96b8e65ef639187f34e4b857972c926b94a9db73685113fbd68764776533a6a6e62e098d0e5d818bba5b84f7923eecb5b70e62e0953,10/21/2024 10:25:00 PM,2,DRIVER,1,1850266,,UNKNOWN,MOTORIZED,IL,,UNKNOWN,MOPED OR MOTORIZED BICYCLE,PERSONAL,W,STRAIGHT AHEAD,,,2,,,,Y,,,,,,,,,,,,,,TOP,,,,,,,,,,,,,,,,,,,,,,,,,,,,,,,,,
1930366,a5e1a51931bb831f10f806e282f2da23d73703157e36568aaf06d4f06fb8f3715de85b5ca4d528763e060df75a24360aa5c6705d132736ca9addd36d811e2449,10/17/2024 07:08:00 AM,2,DRIVER,,1838998,,UNKNOWN,MOTORIZED,IL,,UNKNOWN,MOPED OR MOTORIZED BICYCLE,PERSONAL,N,AVOIDING VEHICLES/OBJECTS,,,1,,,,,,,,,,,,,,Y,,,,SIDE-LEFT,,,,,,,,,,,,,,,,,,,,,,,,,,,,,,,,,
1929479,c2b482a323e9203fd40098d1b225086698ca031a8fb49d2280e2b2106e5f2f290f31351e9ecd0016092517f3f211048df1a523e51bdfecbbb35b6a13331aacd4,10/16/2024 09:50:00 PM,2,DRIVER,,1838162,,"(HOMEMADE MOTORCYCLE, MOPED.ETC.)","(HOMEMADE MOTORCYCLE, MOPED.ETC.)",IL,2023,UNKNOWN,MOPED OR MOTORIZED BICYCLE,PERSONAL,N,STRAIGHT AHEAD,,,1,,,,,,,,,,Y,,,,,,,,REAR,,,,,,,,,,,,,,,,,,,,,,,,,,,,,,,,,
1927111,f02c9ade6fbbdbf226a728e79c33ed7e7eba8f042ca81e16eb9efb50b0277951767245282999145be7b66fa78905c7c0bfb486c5b6d4d5e069155364f8f1bb8e,10/13/2024 01:58:00 PM,2,DRIVER,1,1835908,,UNKNOWN,OTHER (EXPLAIN IN NARRATIVE),IL,,UNKNOWN,MOPED OR MOTORIZED BICYCLE,PERSONAL,N,STRAIGHT AHEAD,,,2,,,,,,,,,,,,,,,,,Y,UNKNOWN,,,,,,,,,,,,,,,,,,,,,,,,,,,,,,,,,
1926366,30c48cb5651692bb225bc483eeda995e7bb79a0e3af8a077443fed87402259bf999022217f9dae3936aa4bf66364ea5a4b16170f941ee0a9538bade5f07f1ea1,10/11/2024 05:15:00 PM,2,DRIVER,,1835207,,UNKNOWN,MOTORIZED,IL,,UNKNOWN,MOPED OR MOTORIZED BICYCLE,UNKNOWN/NA,W,STRAIGHT AHEAD,,,1,,,,,,,,,,,Y,Y,Y,Y,Y,,,SIDE-LEFT,,,,,,,,,,,,,,,,,,,,,,,,,,,,,,,,,
1925436,7fd9ad90d0e8ea9dcf68b3028035868bd9d58ffa9d0983fb54d6fbfea182586c30d33a0ce0ef86deef90d68678812589953bca4141e405a7a51b421b0ba350fb,10/11/2024 08:15:00 AM,1,DRIVER,,1834398,,UNKNOWN,OTHER (EXPLAIN IN NARRATIVE),,,NONE,MOPED OR MOTORIZED BICYCLE,PERSONAL,W,STRAIGHT AHEAD,,,1,,,,Y,,,,,,,,,,,,,,FRONT,,,,,,,,,,,,,,,,,,,,,,,,,,,,,,,,,
1927873,c4f404712af386a9ac4f2af66960f8cd1597727a230d8cabeaf7cbb8e92134dd7e3f36a9135d790ba087d51ac7a190bd12bc9cf65df68de579d42b118f3d686b,10/10/2024 08:00:00 AM,2,DRIVER,,1836611,,UNKNOWN,OTHER (EXPLAIN IN NARRATIVE),IL,2023,NONE,MOPED OR MOTORIZED BICYCLE,OTHER,W,STRAIGHT AHEAD,,,1,,,,,,,,,,,,,,,,Y,,FRONT,,,,,,,,,,,,,,,,,,,,,,,,,,,,,,,,,
1923007,603ba3719cd1706b9bf109765c965cb59e1b47c81f1775ea9a3677993de60393ef0677804c21f34d3fe79268bfa73a634d15072c599f67bf1170698ef94a90c8,10/07/2024 04:54:00 PM,2,DRIVER,,1832001,,HONDA,MOTORCYCLE,IL,2020,UNKNOWN,MOPED OR MOTORIZED BICYCLE,PERSONAL,W,TURNING RIGHT,,,1,,,,,,,,,,,,,,Y,,,,SIDE-LEFT,,,,,,,,,,,,,,,,,,,,,,,,,,,,,,,,,
1922898,01d1e68707077714f5cbf6c83188321d80b078bd08334f3532e6ad61792415e195afaccb42e4dce11bc598de963e6e4038ca5332c88f3f6dc02dde6140e5ec19,10/07/2024 03:30:00 PM,2,DRIVER,,1831892,,FORD,FOCUS,IL,2013,NONE,MOPED OR MOTORIZED BICYCLE,PERSONAL,S,ENTER FROM DRIVE/ALLEY,,,1,,,,,,,,,,,,,,Y,Y,,,FRONT-LEFT-CORNER,,,,,,,,,,,,,,,,,,,,,,,,,,,,,,,,,
1922959,3b0bcc147b023fb2943016d6299eb8367ae3dd8df6d863cb5b6d76feed9d0d27d61ceb468eaf29570643fbdc7ca42a4128e424975354ecd00b253bef0e184aa4,10/07/2024 02:20:00 PM,2,DRIVER,,1831959,,HONDA,MOTORCYCLE,IL,2016,UNKNOWN,MOPED OR MOTORIZED BICYCLE,PERSONAL,N,STRAIGHT AHEAD,Y,,1,,private,,,Y,,,,,,,,,,Y,Y,,FRONT,,,,,,,,,,,,,,,,,,,,,,,,,,,,,,,,,
1922041,d0557aba755731bb1d03da50f188d4a7695b7dc6705e8acff46a81e8c57d9d85a6d703134ab1cc42f0a37c07c1390d42ad04839841758b18bd12771a3a94dc66,10/06/2024 09:59:00 AM,2,DRIVER,,1831110,,UNKNOWN,OTHER (EXPLAIN IN NARRATIVE),IL,,UNKNOWN,MOPED OR MOTORIZED BICYCLE,PERSONAL,UNKNOWN,STRAIGHT AHEAD,,,1,,,,,,,,,,,,,,,,,Y,UNKNOWN,,,,,,,,,,,,,,,,,,,,,,,,,,,,,,,,,
1921569,d86b50407252fc6feb38fa2ab37b4d6377ecf879baa8217096b6245ad1dd2029a91242a678a2090645ce27b2dfe27609dd6775147f3f246f109639d93bb9a81b,10/05/2024 12:30:00 PM,2,NON-CONTACT VEHICLE,,1830645,,TUFBY CONVERTER DOLLY,TUFBY CONVERTER DOLLY,,,NONE,MOPED OR MOTORIZED BICYCLE,NOT IN USE,W,PARKED,,,0,,,,,,,,,,,Y,,,,,,,SIDE-LEFT-REAR,,,,,,,,,,,,,,,,,,,,,,,,,,,,,,,,,
1920739,c789a665c65fc261802fb6a9ed60c0d82116b5518bc38adcb116a16d8fd00021dca4cfbcb4f86fe0a7b2fceef8fc3059951dd46297c2bb345ad1304610af08ae,10/04/2024 11:57:00 AM,2,DRIVER,,1829867,,UNKNOWN,OTHER (EXPLAIN IN NARRATIVE),,2013,NONE,MOPED OR MOTORIZED BICYCLE,PERSONAL,E,STRAIGHT AHEAD,,,1,,,,,Y,Y,Y,Y,Y,,,,,,,,,SIDE-RIGHT,,,,,,,,,,,,,,,,,,,,,,,,,,,,,,,,,
1920707,eacdb077c2eb6a215b078aea9f2dbde756794e2e810ee13f94e483f13dceab7fcde1d9a3f01f940dc0db0763998fc7fb39d5f9d0b23aa3b1f2b2b6a4863e67c6,10/04/2024 09:50:00 AM,2,DRIVER,,1829825,,HONDA,OTHER (EXPLAIN IN NARRATIVE),IL,1988,UNKNOWN,MOPED OR MOTORIZED BICYCLE,PERSONAL,E,STRAIGHT AHEAD,,,1,,,,Y,,,,,,,,,,,,,,REAR,,,,,,,,,,,,,,,,,,,,,,,,,,,,,,,,,
1920033,383d1565075514b69d90a4df65729012b05460793b7374954b129399be44551062ba82dd74a4de907b1aa3eb482de468b59d28c727f7b364757f7eb3e04d261d,10/03/2024 12:53:00 PM,1,NON-CONTACT VEHICLE,,1829186,,UNKNOWN,OTHER (EXPLAIN IN NARRATIVE),,,UNKNOWN,MOPED OR MOTORIZED BICYCLE,PERSONAL,E,STRAIGHT AHEAD,,,1,,,,,,,,,,,,,,,,,Y,UNKNOWN,,,,,,,,,,,,,,,,,,,,,,,,,,,,,,,,,
1919994,503698f954425784813cc398fc062d4c83cec0a45807e8708b5aa60707752015e7a3c264ec40a3155602ab6a71c75304e0ab0b6d1c9e81e697c36cc2dff1f489,10/03/2024 11:30:00 AM,1,DRIVER,,1829140,,GENESIS,G70,IL,2009,UNKNOWN,MOPED OR MOTORIZED BICYCLE,PERSONAL,S,STRAIGHT AHEAD,,,1,,,,,,Y,Y,,,,,,,,,,,SIDE-RIGHT,,,,,,,,,,,,,,,,,,,,,,,,,,,,,,,,,
1918725,2bc6aa2b5367de792b2204cd5b276d0b7f798ab792a489a504900052c915834ad984d7a4d6477ff002a7428cc32e9aedd7eadedfee8fde06a1ade818407a7ca3,10/01/2024 01:52:00 PM,1,DRIVER,,1827923,,VESPA,PRIMAVERA,IL,2023,UNKNOWN,MOPED OR MOTORIZED BICYCLE,PERSONAL,S,AVOIDING VEHICLES/OBJECTS,Y,,1,,MOTORWORKS CHICAGO,1901 S WESTERN,,,,,,,,Y,Y,Y,Y,Y,Y,,FRONT-LEFT-CORNER,,,,,,,,,,,,,,,,,,,,,,,,,,,,,,,,,
1918507,ca51703a7bd6644a7ad24282f6ec99f0bdc1d628476dd4a563a6a11bccfc5f2ceefba7dcdcecd58f163f6224c8f13afa212dfe5bec23dfb283d2049ca6820454,10/01/2024 08:15:00 AM,1,DRIVER,,1827706,,VESPA,OTHER (EXPLAIN IN NARRATIVE),IL,2013,UNKNOWN,MOPED OR MOTORIZED BICYCLE,PERSONAL,E,STRAIGHT AHEAD,,,1,,,,,,,,,,,,,,,,,,FRONT,,,,,,,,,,,,,,,,,,,,,,,,,,,,,,,,,
1918410,d0c7d005cc7495611b7b839b864a29caf295d796b9b3f54a85223cfd7070cc3e0f1ab83fe9e0023dea646a2e4aca0a1a24a38a84865c958cbb61ef82863c5a64,10/01/2024 07:43:00 AM,1,DRIVER,,1827625,,FORD,OTHER (EXPLAIN IN NARRATIVE),TX,2008,UNKNOWN,MOPED OR MOTORIZED BICYCLE,PERSONAL,N,STRAIGHT AHEAD,,,1,,,,Y,,,,,,,,,,,,,,SIDE-RIGHT,,,,,,,,,,,,,,,,,,,,,,,,,,,,,,,,,
1916224,fef4689fcfc019e750e35c4722293ff1c90174c79f5ab6a073f0cfa9ffced9c31897a5ec147609f6ca4a98292b28dfa369f231d5c11f69e55a97061eefc3375f,09/27/2024 03:45:00 PM,1,DRIVER,1,1825508,,UNKNOWN,OTHER (EXPLAIN IN NARRATIVE),IL,,UNKNOWN,MOPED OR MOTORIZED BICYCLE,PERSONAL,E,STRAIGHT AHEAD,,,2,,,,,,,,,,,,,,,,Y,,FRONT,,,,,,,,,,,,,,,,,,,,,,,,,,,,,,,,,
1915005,91a2c3422e753201b975864328650a4eb6839ea43d05efb562bbfd399af5c19d361da1b504f6d9ca3cd72f51e90c10f66be791d05680b9be3f00336ae0f0b77a,09/25/2024 06:05:00 PM,1,DRIVER,,1824372,,"(HOMEMADE MOTORCYCLE, MOPED.ETC.)","(HOMEMADE MOTORCYCLE, MOPED.ETC.)",IL,2023,UNKNOWN,MOPED OR MOTORIZED BICYCLE,PERSONAL,W,STRAIGHT AHEAD,Y,,1,,private tow,,,,,,,,,,,,,,,,TOTAL (ALL AREAS),,,,,,,,,,,,,,,,,,,,,,,,,,,,,,,,,
1913859,eccaa3e078222453b96538368c08dfbe9f569ce3ec8a976e1465cb43a1e16c5a282801d6c468ecd99b4a2226958a2f9c8fc3047745d705fdd0c7d690f4eded34,09/24/2024 12:47:00 PM,2,DRIVER,,1823286,,HONDA,OTHER (EXPLAIN IN NARRATIVE),,,NONE,MOPED OR MOTORIZED BICYCLE,PERSONAL,W,STRAIGHT AHEAD,,,1,,,,,,,,,,,,,,,,,,REAR-RIGHT-CORNER,,,,,,,,,,,,,,,,,,,,,,,,,,,,,,,,,
1912346,95a909d5465e4162d2dc5ee3529f6d8cf28a6e9a61d968f76ed400ff9d416ffa389ece4de6b39f2348fe69431ed7bd6c58f7d15976774a9dce278256c9c8f898,09/21/2024 09:15:00 PM,2,DRIVER,,1822275,,UNKNOWN,MOTORIZED,IL,,UNKNOWN,MOPED OR MOTORIZED BICYCLE,PERSONAL,S,STRAIGHT AHEAD,,,1,,,,,,,,,,,,,,,,Y,,FRONT,,,,,,,,,,,,,,,,,,,,,,,,,,,,,,,,,
1910405,fa9e5163a4b36f64a99b117e72392016d8fa1d01db755f1275bc6b654e651a41de666d1f1eb19d6fb0ad28ac68153e8e2a21ad03e9cfd3a9bf7f558d6df21098,09/19/2024 05:55:00 PM,2,DRIVER,,1819982,,UNKNOWN,OTHER (EXPLAIN IN NARRATIVE),,,NONE,MOPED OR MOTORIZED BICYCLE,PERSONAL,N,STRAIGHT AHEAD,,,1,,,,,Y,,,Y,Y,N,Y,,,,,,,FRONT-RIGHT-CORNER,,,,,,,,,,,,,,,,,,,,,,,,,,,,,,,,,
1910836,d40c4d850538870a4ac85f734f66cf9c06e7efdd2b29236555caedb0e5e8d2c4d6a14313edebaf5b6c75058883fdb766bd912ec2f42db60db044283dcad0fbaa,09/19/2024 03:45:00 PM,1,DRIVER,,1820392,,UNKNOWN,MOTORIZED,IL,,NONE,MOPED OR MOTORIZED BICYCLE,PERSONAL,W,STRAIGHT AHEAD,,,1,,,,,,,,,,,,,,,,Y,,FRONT,,,,,,,,,,,,,,,,,,,,,,,,,,,,,,,,,
1909624,7c475ab44ebce1effe5b6f95efdd58d7130543869b02c1727366c4c6fa8961da3c64af000c1ec0742e828727e08d0059c490adb4fdc573a90fe701bba9c136f7,09/18/2024 06:41:00 PM,1,DRIVER,,1819238,,UNKNOWN,MOTORIZED,,2021,UNKNOWN,MOPED OR MOTORIZED BICYCLE,PERSONAL,S,UNKNOWN/NA,,,1,,,,Y,,,,,,,,,,,,,,NONE,,,,,,,,,,,,,,,,,,,,,,,,,,,,,,,,,
1908603,a4ce465edbda094d65255ef1ed9bc30f27f2642d2389673b62f1cc7ca9fbc039f872addac90961386cf88393055a0f5a06faf91771c923b1cf9830bc494ab584,09/17/2024 01:42:00 PM,1,DRIVER,,1818262,,"(HOMEMADE MOTORCYCLE, MOPED.ETC.)","(HOMEMADE MOTORCYCLE, MOPED.ETC.)",IL,,NONE,MOPED OR MOTORIZED BICYCLE,PERSONAL,E,U-TURN,,,1,,,,,N,,,,,,,,,,,Y,,FRONT,,,,,,,,,,,,,,,,,,,,,,,,,,,,,,,,,
1908506,b2d8ac0e123097da83d77829565bef65eefc0b8544e1b0f3734aee5b24a62da9595adc96d41f92c1b63fa31c2a504d7f0475fcba4541388b4b13503c8057804f,09/17/2024 11:16:00 AM,1,DRIVER,,1818157,,UNKNOWN,OTHER (EXPLAIN IN NARRATIVE),,,UNKNOWN,MOPED OR MOTORIZED BICYCLE,UNKNOWN/NA,UNKNOWN,UNKNOWN/NA,,,1,,,,,,,,,,,,,,,,,Y,UNKNOWN,,,,,,,,,,,,,,,,,,,,,,,,,,,,,,,,,
1908499,06f8118ee21e7e518cd14583e0f836075d42b3e204b32490697f7d04496c190b15171445c803322746a2cfc4f76e9319df1473e52f4f22e065643718b08be8b5,09/17/2024 11:05:00 AM,2,DRIVER,,1818167,,UNKNOWN,MOTORIZED,XX,,UNKNOWN,MOPED OR MOTORIZED BICYCLE,PERSONAL,W,STRAIGHT AHEAD,,,1,,,,,,,,,,,,,,,Y,,,REAR-LEFT-CORNER,,,,,,,,,,,,,,,,,,,,,,,,,,,,,,,,,
1906734,bf8acf5e0e9c4819e4bfbed0c3bace52a1641b895e3818014d164604c37967cedc9f58fe9c447f5c6276e6f5d23595b50e238c653548861911e8a9537f1ae927,09/14/2024 09:48:00 PM,2,DRIVER,,1816480,,COLEMAN,COLEMAN,,,UNKNOWN,MOPED OR MOTORIZED BICYCLE,PERSONAL,S,STRAIGHT AHEAD,Y,,1,,cpd tow,pound 1s,,,,,,,,,Y,Y,Y,,,,SIDE-LEFT,,,,,,,,,,,,,,,,,,,,,,,,,,,,,,,,,
1906695,b7be7917cfd41c4a827cd0fdd34e338a582776032d83d8bb1e2d954efdb40713319ebbe79d844a384e3cc2c8a310a25e0939b0413152fc385699400bffba86e6,09/14/2024 03:46:00 PM,2,DRIVER,,1816459,,UNKNOWN,MOTORIZED,IL,,NONE,MOPED OR MOTORIZED BICYCLE,PERSONAL,E,STRAIGHT AHEAD,,,1,,,,,,,,,,,,,,,,,Y,UNKNOWN,,,,,,,,,,,,,,,,,,,,,,,,,,,,,,,,,
1902840,d897b7f9f7fa0b60c1ed5f98e036580a416cccda030ec47728483a0a9c5eca2cafc54a4af87d239daaf06f3264ed50fbf4cca85f561c46a343e42242dc74054d,09/09/2024 03:40:00 PM,1,DRIVER,,1812769,,UNKNOWN,OTHER (EXPLAIN IN NARRATIVE),,,NONE,MOPED OR MOTORIZED BICYCLE,UNKNOWN/NA,N,PASSING/OVERTAKING,,,1,,,,,,,,,,,,,,Y,,,,SIDE-LEFT,,,,,,,,,,,,,,,,,,,,,,,,,,,,,,,,,
1903494,a65828a8a33f3b616a458bc5607db081d6e356074cbf242449ab2484d11ad264226c2d19c17f3448f62386457e2b02fd691aed0a981ba558f96bcdd2ed70cbc3,09/08/2024 09:30:00 PM,3,PARKED,,1813369,,UNKNOWN,OTHER (EXPLAIN IN NARRATIVE),IL,,UNKNOWN,MOPED OR MOTORIZED BICYCLE,PERSONAL,S,PARKED,,,0,,,,,,,,,,Y,,,,,,,,REAR,,,,,,,,,,,,,,,,,,,,,,,,,,,,,,,,,
1899245,3aab36fdcb890d6d6440fbc5d54e3e85dbaadd8449b72ff01fb667d3a2b6caca9903c1d2d8be3467d40b2f791477ef6da6b082598b3b7935b5a8530ed8c90e49,09/04/2024 12:30:00 PM,2,DRIVER,,1809343,,UNKNOWN,OTHER (EXPLAIN IN NARRATIVE),IL,2019,UNKNOWN,MOPED OR MOTORIZED BICYCLE,PERSONAL,UNKNOWN,STRAIGHT AHEAD,,,1,,,,,,,,,,,Y,Y,Y,Y,Y,,,SIDE-LEFT,,,,,,,,,,,,,,,,,,,,,,,,,,,,,,,,,
1897277,156083c66171082138fa313deb93200c40a8291c96a2a8d7ff9840d5fc809b4747b7a448b7c01a27d203e3fa45ea50d7f79ede164634b78662ce4243de9a7015,09/01/2024 04:03:00 PM,1,DRIVER,,1807476,,UNKNOWN,OTHER (EXPLAIN IN NARRATIVE),IL,2022,UNKNOWN,MOPED OR MOTORIZED BICYCLE,PERSONAL,S,PASSING/OVERTAKING,,,1,,,,,,,,,,,,,,,,Y,,FRONT,,,,,,,,,,,,,,,,,,,,,,,,,,,,,,,,,
1895509,769a7b00b3e125e009ffd8e078dc8762601fe087b9d806cd71486c0fa84ae811c779e9d40db2c96d8a86cbc401d42dedcaca44f1e02ebc7285e204fd88aafff8,08/30/2024 10:20:00 AM,1,DRIVER,,1805778,,HONDA,OTHER (EXPLAIN IN NARRATIVE),IL,2011,UNKNOWN,MOPED OR MOTORIZED BICYCLE,PERSONAL,W,STRAIGHT AHEAD,,,1,,,,,,,,,,,,,,,,Y,,FRONT,,,,,,,,,,,,,,,,,,,,,,,,,,,,,,,,,
1895228,313c95fc9acb1d85bc25a72e5b8c908ae4260197132f821b91ec8fe6c0e64d648c8d7a7c618be2f863e3d5859bf0b5a9994f22dd6024119862da244c65874c2b,08/29/2024 10:43:00 PM,2,DRIVER,,1805520,,YAMAHA,OTHER (EXPLAIN IN NARRATIVE),IL,2004,NONE,MOPED OR MOTORIZED BICYCLE,UNKNOWN/NA,SW,SLOW/STOP IN TRAFFIC,,,1,,,,,,,,,,Y,Y,Y,Y,Y,Y,,,REAR,,,,,,,,,,,,,,,,,,,,,,,,,,,,,,,,,
1894554,8fb42da0e7e04ceb0e1c3a31c0995b831fd6e37b13aa7d5b8aef7025f988742d9adb7dbdc5a05775610ef8e8b0477601d75f1cf25de40f0cc79a0317351472f5,08/29/2024 07:49:00 AM,2,DRIVER,,1804888,,YAMAHA,OTHER (EXPLAIN IN NARRATIVE),IL,2000,NONE,MOPED OR MOTORIZED BICYCLE,PERSONAL,NW,STRAIGHT AHEAD,,,1,,,,,Y,Y,Y,,,,,,,,,,,SIDE-RIGHT,,,,,,,,,,,,,,,,,,,,,,,,,,,,,,,,,
1894771,810c30b3c5654a1112c6bae9774f3779a6ec1ada51105e8070a610d809c8184759ce930ad390477d51fbc0c24f1e7fe640cec7d7f340615cc4fc74c3436bf78b,08/28/2024 05:00:00 PM,2,DRIVER,,1805088,,UNKNOWN,MOTORIZED,IL,2017,NONE,MOPED OR MOTORIZED BICYCLE,PERSONAL,W,STRAIGHT AHEAD,,,1,,,,,Y,Y,Y,Y,Y,,,,,,,,,SIDE-RIGHT,,,,,,,,,,,,,,,,,,,,,,,,,,,,,,,,,
1894116,ca7f7444ba698b43693a849cd54c350a896d2d39f328cd6dc3fb11c9eb2fdc19bd0eea12f564b6341e59ac4c5ff795c9f56686e37b074ab83d742f04ac11346f,08/28/2024 12:58:00 PM,1,DRIVER,,1804457,,UNKNOWN,MOTORIZED,IL,,UNKNOWN,MOPED OR MOTORIZED BICYCLE,UNKNOWN/NA,W,TURNING RIGHT,,,1,,,,,Y,Y,,,,,,,,,,Y,,SIDE-LEFT,,,,,,,,,,,,,,,,,,,,,,,,,,,,,,,,,
1893538,13daf74f087a8816c95eecdf8e9865fb7a63cbf99e3702baa6e2fc813d16fe30784c83beed4e8d438b1af3a1e922f8bf6322ed17ed3322cb6dcb097db282fe98,08/27/2024 05:15:00 PM,1,DRIVER,,1803894,,"GENERAL MOPED COMPANY (NEW YORK, NY)","GENERAL MOPED CO., NEW YORK, NY",IL,2008,NONE,MOPED OR MOTORIZED BICYCLE,PERSONAL,E,STRAIGHT AHEAD,N,,1,,,,Y,,,,,,,,,,,,,,FRONT,,,,,,,,,,,,,,,,,,,,,,,,,,,,,,,,,
1890784,6cd0cbecec9741f683b823770e4d0748f9590288229b22e006e3744633f0bd9756ae4779099a00bb1e1a8a25cdf62ea72238deacbf7534913ea30c8190fd1af9,08/24/2024 12:00:00 AM,2,DRIVER,,1801274,,UNKNOWN,OTHER (EXPLAIN IN NARRATIVE),,,UNKNOWN,MOPED OR MOTORIZED BICYCLE,UNKNOWN/NA,N,STRAIGHT AHEAD,,,1,,,,,,,,,,,,,,,,,Y,UNKNOWN,,,,,,,,,,,,,,,,,,,,,,,,,,,,,,,,,
1890672,371b47709861168e1ace6600029d6a3b9dd31da53008fe100fe4a9c06c20bf2e323ad2d3b1d6688f1a4314935ae8289f2b5dbffdf73085f544276fb09624d267,08/23/2024 07:15:00 PM,1,DRIVER,,1801156,,UNKNOWN,OTHER (EXPLAIN IN NARRATIVE),,,UNKNOWN,MOPED OR MOTORIZED BICYCLE,PERSONAL,N,STRAIGHT AHEAD,,,1,,,,,Y,,,,,,,,,,Y,Y,,FRONT,,,,,,,,,,,,,,,,,,,,,,,,,,,,,,,,,
1890434,f7a4799b48a9f2eaacb24d5d4c5e18843443882ab413b7b3725f7198aa2d97ce7ef723f6ea692a24e6ee2ee8e4c750963f182e9bee94bf4073d8db2cdeb7b121,08/23/2024 02:50:00 PM,1,DRIVER,,1800925,,UNKNOWN,OTHER (EXPLAIN IN NARRATIVE),IL,2023,NONE,MOPED OR MOTORIZED BICYCLE,PERSONAL,W,STRAIGHT AHEAD,,,1,,,,,Y,,,,,,,Y,,,Y,Y,,SIDE-LEFT,,,,,,,,,,,,,,,,,,,,,,,,,,,,,,,,,
1888675,8ddeb7865c0cfeb34eebb7a2f98b60e861b5a85080f38da825301d2a115709b23c1a561163955545fb1a03c388882bcaad6f710a26062ebb3b0e30a2a5f79174,08/20/2024 06:13:00 PM,2,DRIVER,,1799238,,VESPA,P SERIES,IL,2009,NONE,MOPED OR MOTORIZED BICYCLE,PERSONAL,N,STRAIGHT AHEAD,,,1,,,,,,,,,,,,,,,,,Y,UNKNOWN,,,,,,,,,,,,,,,,,,,,,,,,,,,,,,,,,
1887499,118a12f8c375f7ef5cbf93cd2a21c57fde0e229a3b6e169e85bd62d66a2cfcf24532474b60038301f101961f33981a52eea6e9d4207e255537104d864a955e47,08/18/2024 07:26:00 PM,1,DRIVER,,1798141,,YAMAHA,YAMAHA,,1999,UNKNOWN,MOPED OR MOTORIZED BICYCLE,PERSONAL,UNKNOWN,STRAIGHT AHEAD,,,1,,,,,,,,,,,,,,,,,Y,UNKNOWN,,,,,,,,,,,,,,,,,,,,,,,,,,,,,,,,,
1887998,64d16d9726062f71cee25643622bb8788c019e689626e1f6dd85e3fb081c11c06a9cbde5dafd57569baeaed0709ab00bab89230843a2366d55265d6839d7f994,08/13/2024 04:20:00 PM,1,DRIVER,,1798690,,SCOOTALONG,SCOOTALONG,IL,,BRAKES,MOPED OR MOTORIZED BICYCLE,PERSONAL,W,STRAIGHT AHEAD,,,1,,,,,,,,,,,,,,,,Y,,FRONT,,,,,,,,,,,,,,,,,,,,,,,,,,,,,,,,,
1883763,cdd2723441f38ead671d4bab4448c7c495ce17c6ddeb7b53bd5a5f43259e8374b57b4ff81a401d352a3c57835aa3b7cc02f34199fe0db1b0d72f0520e405a9c3,08/13/2024 02:02:00 PM,2,DRIVER,,1794560,,UNKNOWN,MOTORIZED,IL,,UNKNOWN,MOPED OR MOTORIZED BICYCLE,RIDESHARE SERVICE,S,STRAIGHT AHEAD,,,1,,,,,,,,,,,,,,,,,,SIDE-LEFT,,,,,,,,,,,,,,,,,,,,,,,,,,,,,,,,,
1883337,f0b60f2d99955b8bd9c33838d386386e1da2b526cef413420e46cbf295a8113ff7314af18d483cb0c47e544fe3108dae3e66028be61a29dfd0ad6f6f6f342e7d,08/12/2024 08:29:00 PM,2,DRIVER,,1794159,,UNKNOWN,OTHER (EXPLAIN IN NARRATIVE),,,UNKNOWN,MOPED OR MOTORIZED BICYCLE,PERSONAL,W,STRAIGHT AHEAD,,,1,,,,,,,,,,,,,,,,,,FRONT,,,,,,,,,,,,,,,,,,,,,,,,,,,,,,,,,
1881769,31645184268e95d58c6161f0a8056c1db87c9354b58b73f38801cd3934e3861bbbd3605da09ff00a118d6a1ecbba03f0fbadea25f6aed6f0cd86c2ac7eb38061,08/10/2024 03:17:00 PM,1,DRIVER,,1792662,,UNKNOWN,OTHER (EXPLAIN IN NARRATIVE),IL,,NONE,MOPED OR MOTORIZED BICYCLE,PERSONAL,E,STRAIGHT AHEAD,,,1,,,,,Y,,,,,,,,,,Y,Y,,FRONT,,,,,,,,,,,,,,,,,,,,,,,,,,,,,,,,,
1881227,3a3d1a1f46f269c3c43825b1b026bc99e5ec8f0436148a7e48925c0b3232fc7f0234f16bff243308677140318a32b4668db4dd81dd920b57e50df7f5021b69b1,08/09/2024 06:30:00 PM,1,DRIVER,,1792147,,HONDA,OTHER (EXPLAIN IN NARRATIVE),MI,1994,NONE,MOPED OR MOTORIZED BICYCLE,PERSONAL,E,PASSING/OVERTAKING,Y,,1,,STREETS AND SANITATION,,,,,,,,,,,,,,Y,,FRONT,,,,,,,,,,,,,,,,,,,,,,,,,,,,,,,,,
1879643,cc68cdd4c844d692b70aa0b2554d353334e36dc7beded3ee2dd0d7f64edfb2b50eabf7f7b7825ecdfcbe47f578ea021a3e0c6d58d94dae40f4bdd3c2fb16013a,08/07/2024 04:30:00 PM,1,DRIVER,,1790648,,UNKNOWN,MOTORIZED,IL,,UNKNOWN,MOPED OR MOTORIZED BICYCLE,UNKNOWN/NA,N,STRAIGHT AHEAD,,,1,,,,,Y,,,,,,,,,,,,,FRONT-RIGHT-CORNER,,,,,,,,,,,,,,,,,,,,,,,,,,,,,,,,,
1879451,5f1ff91a164f65e2ad833468254695f2733b01260aac1a778be892056f850d797ec7913bd45dbc42512f5fa4a6f90e7a45a03be1830fb577c54d582dbb539b50,08/07/2024 07:00:00 AM,2,DRIVER,,1790483,,"(HOMEMADE MOTORCYCLE, MOPED.ETC.)","(HOMEMADE MOTORCYCLE, MOPED.ETC.)",IL,,UNKNOWN,MOPED OR MOTORIZED BICYCLE,PERSONAL,S,STRAIGHT AHEAD,,,1,,,,,,,,,,,,,,,,,,SIDE-LEFT,,,,,,,,,,,,,,,,,,,,,,,,,,,,,,,,,
1879183,88b762fb28c4a098e6ca7ab52a214fddc77905c39f996dde810a6b8a71bee184800777b518ee7d7ebb5cc4fe565059462f818c9042ae370245713d7398506e37,08/06/2024 06:30:00 PM,1,DRIVER,,1790208,,YAMAHA,OTHER (EXPLAIN IN NARRATIVE),IL,2020,NONE,MOPED OR MOTORIZED BICYCLE,PERSONAL,NW,TURNING RIGHT,,,1,,,,,,,,,,,,,Y,Y,Y,,,FRONT-LEFT-CORNER,,,,,,,,,,,,,,,,,,,,,,,,,,,,,,,,,
1878562,4cd80482e49a571293cdcd4c1917cded9533cd1c5ae9b20a8771b5bd4294636e2d64fea1c513a46af382b55784a3ec6dd47d9e9ad0d15820c9034119b9497bea,08/05/2024 06:10:00 PM,1,DRIVER,,1789610,,UNKNOWN,OTHER (EXPLAIN IN NARRATIVE),IL,,UNKNOWN,MOPED OR MOTORIZED BICYCLE,UNKNOWN/NA,S,PASSING/OVERTAKING,,,1,,,,,,,,,,,,,,,,,Y,UNKNOWN,,,,,,,,,,,,,,,,,,,,,,,,,,,,,,,,,
1878238,d77f86093edb9c14ea4364cf08a027a8d344dab8daf143b62fc8005c671066bebbb2f0967dcc0798bc37bc9f9676a2ef8c95a72657b53c347c5da3dd09970d8d,08/05/2024 11:30:00 AM,1,DRIVER,,1789300,,UNKNOWN,OTHER (EXPLAIN IN NARRATIVE),IL,,NONE,MOPED OR MOTORIZED BICYCLE,PERSONAL,W,UNKNOWN/NA,,,1,,,,,,,,,,,,,,,,Y,,FRONT,,,,,,,,,,,,,,,,,,,,,,,,,,,,,,,,,
1878765,d3c7da797a92e020e6e32e425954967cf4e9ce8a1b4ff4b7e00182a6a33d7cd48b2fb3220bab00dbc83906118063790c4bd5d55c8d3af878f0d643febc3cb290,08/04/2024 12:56:00 PM,1,DRIVER,,1789801,,EAGLE,OTHER (EXPLAIN IN NARRATIVE),,,NONE,MOPED OR MOTORIZED BICYCLE,PERSONAL,E,STARTING IN TRAFFIC,,,1,,,,,,,,,,,,,,,,,,OTHER,,,,,,,,,,,,,,,,,,,,,,,,,,,,,,,,,
1875831,66bfdfb251f9eb424f6866adeba39ac13ba4fc86fc47b5bae2fd43848c2f0855640b210278b69d071464f8f974705c6d4511c3553fb93692da20f3bba56893f5,08/01/2024 09:13:00 PM,2,DRIVER,,1787001,,UNKNOWN,MOTORIZED,,,UNKNOWN,MOPED OR MOTORIZED BICYCLE,PERSONAL,N,STRAIGHT AHEAD,,,1,,,,,,,,,,,,,,,,,,FRONT,,,,,,,,,,,,,,,,,,,,,,,,,,,,,,,,,
1875856,4762de9ab65e0031a01e556fee832f3628a7f7875e51fc334427b5e1454b50bab248b0071a9be3acbc8095b36b8a8879a557bf13c91501e55cb0176ceb67e466,08/01/2024 08:45:00 PM,1,DRIVER,,1787027,,UNKNOWN,MOTORIZED,,,UNKNOWN,MOPED OR MOTORIZED BICYCLE,PERSONAL,S,STRAIGHT AHEAD,,,1,,,,,,,,,,,,,,,,Y,,FRONT,,,,,,,,,,,,,,,,,,,,,,,,,,,,,,,,,
1874663,bd0bf35282671146a15240f2b79a4b9e244f5a74301f19490bd5ad2f9081f5d35d7948bef94e0482efc36fcb2f80ba59f7d712e3e64a4fa4aad7ee338c2d21e7,07/31/2024 01:50:00 PM,1,DRIVER,,1785876,,UNKNOWN,OTHER (EXPLAIN IN NARRATIVE),,,UNKNOWN,MOPED OR MOTORIZED BICYCLE,PERSONAL,N,STRAIGHT AHEAD,,,1,,,,,,,,,,,,,,,,Y,,FRONT,,,,,,,,,,,,,,,,,,,,,,,,,,,,,,,,,
1873863,23495c228db84e4847c9a576c56841fa90060e40eaef870f4d731de74e253d120a5321ece238fae8980ba0a1577925a0da414c76e91ce8bb4675852c420d1ff6,07/30/2024 06:40:00 AM,1,DRIVER,,1785135,,UNKNOWN,MOTORIZED,IL,,UNKNOWN,MOPED OR MOTORIZED BICYCLE,NOT IN USE,S,UNKNOWN/NA,,,1,,,,,,,,,,,,,,,,,Y,UNKNOWN,,,,,,,,,,,,,,,,,,,,,,,,,,,,,,,,,
1873592,41c058ea4d1930601ad6975e964b9dba535314136108139566e7865eeaef506c5dd97edec494540230fef84a416166ea462b0ee4067981d4e1cfe3417e113f65,07/27/2024 10:00:00 AM,2,DRIVER,,1784901,,UNKNOWN,OTHER (EXPLAIN IN NARRATIVE),IL,,NONE,MOPED OR MOTORIZED BICYCLE,PERSONAL,W,STRAIGHT AHEAD,,,1,,,,Y,,,,,,,,,,,,,,FRONT,,,,,,,,,,,,,,,,,,,,,,,,,,,,,,,,,
1870938,98edb9103de51188063173caf2371b304a058aef7ef3e2123e9386220b0414508b547b84aed7a4ac5218e265234824cdc3dfb678b76beb7562c9b5ce9be9940a,07/25/2024 06:25:00 PM,2,DRIVER,,1782308,,UNKNOWN,OTHER (EXPLAIN IN NARRATIVE),,,NONE,MOPED OR MOTORIZED BICYCLE,PERSONAL,S,STRAIGHT AHEAD,,,1,,,,,,,,,,,,,,,,,Y,FRONT,,,,,,,,,,,,,,,,,,,,,,,,,,,,,,,,,
1869531,a475633c8f3b74b58496e69745475c42f326af293c2b80bc683990cd10b2960ab534752b997534423ec525d9ab387f226fba06dc7e65a1b7452564a1b077a7e0,07/23/2024 05:35:00 PM,2,DRIVER,,1780990,,UNKNOWN,OTHER (EXPLAIN IN NARRATIVE),,,UNKNOWN,MOPED OR MOTORIZED BICYCLE,PERSONAL,E,STRAIGHT AHEAD,,,1,,,,,,,,,,,,,,Y,Y,,,FRONT-LEFT-CORNER,,,,,,,,,,,,,,,,,,,,,,,,,,,,,,,,,
1869202,8b7983d981a5c1dd0b282ce3b5c6868fa20c4347c9a99471c32ecfb6c5a7e19b615a9ff23e90ecf15f9ea97a55197b11f44bfe86b3f8d60fb80d8a21e556e025,07/22/2024 03:00:00 PM,1,DRIVER,,1780653,,UNKNOWN,MOTORIZED,,,UNKNOWN,MOPED OR MOTORIZED BICYCLE,UNKNOWN/NA,S,STRAIGHT AHEAD,,,1,,,,,,,,,,,,,,,,,Y,FRONT,,,,,,,,,,,,,,,,,,,,,,,,,,,,,,,,,
1867630,e6f9040a225f45a1582da6cea29990a22f4c9086600a53cbf0bfaeb8be094823781f28a7c113da35d912a19392cce6c3ff02878bcce49fce5944db74dd910670,07/20/2024 09:22:00 PM,1,DRIVER,,1779154,,UNKNOWN,OTHER (EXPLAIN IN NARRATIVE),,,UNKNOWN,MOPED OR MOTORIZED BICYCLE,UNKNOWN/NA,N,PASSING/OVERTAKING,,,1,,,,,,,,,,,,,,,,,Y,FRONT-RIGHT-CORNER,,,,,,,,,,,,,,,,,,,,,,,,,,,,,,,,,
1867529,93cc542ed18d4246a59c5002449c021960ac49e0e7959c86eef9aa9fb33a835b1a77b1bc3fe9953ca30aa9e220ca48d3384c7ca9b013ad9120b1de9f03da9b42,07/20/2024 04:15:00 PM,1,DRIVER,,1779050,,UNKNOWN,MOTORIZED,,,NONE,MOPED OR MOTORIZED BICYCLE,PERSONAL,UNKNOWN,STRAIGHT AHEAD,,,1,,,,,,,,,,,,,,,,,Y,UNKNOWN,,,,,,,,,,,,,,,,,,,,,,,,,,,,,,,,,
1866990,5eb3076e37c20939a6cdd59d4b1ffe0f26eef3c54c17abd12cdb0aa2b2586328c7523418a1dc0fe9e4afe7b315d26dc2601b640f59d510804e4eb6e57f7f1833,07/19/2024 06:44:00 PM,1,DRIVER,,1778550,,"(HOMEMADE MOTORCYCLE, MOPED.ETC.)","(HOMEMADE MOTORCYCLE, MOPED.ETC.)",IL,,BRAKES,MOPED OR MOTORIZED BICYCLE,PERSONAL,E,STRAIGHT AHEAD,,,1,,,,,,,,,,,,,,,,,,FRONT,,,,,,,,,,,,,,,,,,,,,,,,,,,,,,,,,
1866545,4b5143741afac7dbe1299e31d069d18d640ec986163e7f267cbb459a3624bc6664fa0d47f540067a3a473ef4b9d50f57d7ae80927844afad7d7876174adf28b2,07/19/2024 08:10:00 AM,2,DRIVER,,1778121,,UNKNOWN,MOTORIZED,IL,,NONE,MOPED OR MOTORIZED BICYCLE,UNKNOWN/NA,SW,STRAIGHT AHEAD,,,1,,,,,,,,,,,,,,,,,,SIDE-LEFT,,,,,,,,,,,,,,,,,,,,,,,,,,,,,,,,,
1867368,461dbcbeff6820968817d0af447330fcbdcc6e2326fb4f49a71201bfac6131533fcf0e4909ca1890c8afb2aaeedd159a410b1c20f95156c83ab5ea2ce954a359,07/18/2024 09:45:00 PM,2,DRIVER,,1778900,,UNKNOWN,OTHER (EXPLAIN IN NARRATIVE),IL,,UNKNOWN,MOPED OR MOTORIZED BICYCLE,UNKNOWN/NA,E,STRAIGHT AHEAD,,,1,,,,,,,,,Y,,,,,,,,,REAR-RIGHT-CORNER,,,,,,,,,,,,,,,,,,,,,,,,,,,,,,,,,
1866276,bdeb13990c67681a64dbda982a33929b1c30ab0a462d0c4285ec26a944586b4b64206c0780c63d732b26ec220eaa3a9d09a936aec4763cf39c41662191c4e895,07/18/2024 06:25:00 PM,1,DRIVER,1,1777868,,UNKNOWN,OTHER (EXPLAIN IN NARRATIVE),IL,2021,UNKNOWN,MOPED OR MOTORIZED BICYCLE,PERSONAL,SE,STRAIGHT AHEAD,,,2,,,,,,,,,,,,,,,,Y,,FRONT,,,,,,,,,,,,,,,,,,,,,,,,,,,,,,,,,
1865429,514c77238983079181604bc27dc0366a965ebe661dc649d10600070a813c98fff98f8517564a55629e1e0181a1d4f9c34fe51b16fec3b5a059bd3561425061e5,07/17/2024 02:55:00 PM,1,DRIVER,,1777051,,UNKNOWN,OTHER (EXPLAIN IN NARRATIVE),,,UNKNOWN,MOPED OR MOTORIZED BICYCLE,PERSONAL,N,STRAIGHT AHEAD,,,1,,,,,,,,,,,,,,,,,,UNKNOWN,,,,,,,,,,,,,,,,,,,,,,,,,,,,,,,,,
1865466,301b5957ae8e6f8a40d2c262393d3be60de2477fbbcdcd01053b8c2e7aa57dc29efc9a41367c01258801762212f4d6c4dbf00595685d5c1fac866c653b6b4d25,07/16/2024 06:40:00 PM,2,DRIVER,,1777075,,YAMAHA,YAMAHA,IL,1994,NONE,MOPED OR MOTORIZED BICYCLE,PERSONAL,W,STRAIGHT AHEAD,,,1,,,,,,,,,,Y,,,,,,,,REAR,,,,,,,,,,,,,,,,,,,,,,,,,,,,,,,,,
1863520,4bf70e370f6ad1a0c36ada4a7e957b1641445499ac8265824ef5c62fe0b725862ea2e40432b7ff06bab6680b2e1ad444620eef75628c754c73aa765ae89541b2,07/14/2024 11:45:00 PM,1,DRIVER,,1775202,,"GENERAL MOPED COMPANY (NEW YORK, NY)","GENERAL MOPED CO., NEW YORK, NY",IL,2015,NONE,MOPED OR MOTORIZED BICYCLE,PERSONAL,N,STRAIGHT AHEAD,Y,,1,,city of chicago,103 doty,,Y,,,,,,,,,,Y,Y,,FRONT,,,,,,,,,,,,,,,,,,,,,,,,,,,,,,,,,
1863853,3c9d2c8fa952aea0a2fe6a49bda9d3f874264fa23ff70db1be2daa4ee242167b234cd39b442540969c100b2fd4dab00013499d3275b857b109f898cb050b7d79,07/14/2024 10:30:00 PM,1,DRIVER,,1775543,,UNKNOWN,OTHER (EXPLAIN IN NARRATIVE),IL,,NONE,MOPED OR MOTORIZED BICYCLE,UNKNOWN/NA,W,UNKNOWN/NA,,,1,,,,,,,,,,,,,,,,,Y,UNKNOWN,,,,,,,,,,,,,,,,,,,,,,,,,,,,,,,,,
1862160,bfac09e80f0c7160c67fdfb171e19cedad768181919f05d43f9e906e40f97b9d37e15a3aee8497ceea70eeac30f748f5375c79a9ba7020aaaf5cccbbe768a0de,07/13/2024 03:45:00 AM,1,DRIVER,,1773968,,UNKNOWN,MOTORIZED,,2019,UNKNOWN,MOPED OR MOTORIZED BICYCLE,PERSONAL,N,STRAIGHT AHEAD,,,1,,,,,,,,,,,Y,Y,Y,Y,Y,Y,,FRONT-LEFT-CORNER,,,,,,,,,,,,,,,,,,,,,,,,,,,,,,,,,
1859805,7c7550ddc4521d4fc0dbabe661e01c6713ded7d421467acb6de7c743a3ff8d1d13323bf78c896934238474b806793fb51d8c78d38a8b42cc5f6e2fba79d2ed0d,07/09/2024 05:00:00 PM,1,DRIVER,,1771723,,"GENERAL MOPED COMPANY (NEW YORK, NY)","GENERAL MOPED CO., NEW YORK, NY",IL,2023,NONE,MOPED OR MOTORIZED BICYCLE,PERSONAL,W,STRAIGHT AHEAD,,,1,,,,,N,,,,,,,,,,N,Y,,FRONT,,,,,,,,,,,,,,,,,,,,,,,,,,,,,,,,,
1857851,40575d8d97609dd2b4cfdf9ddbfb2136cfb05cad9177bd262d250272d88a0448b4d698768d29e60bb5d11b007e56098ddf3f5d52699a7e3121595aa48b0ddc02,07/06/2024 05:00:00 PM,1,DRIVER,,1769857,,UNKNOWN,OTHER (EXPLAIN IN NARRATIVE),IL,,NONE,MOPED OR MOTORIZED BICYCLE,PERSONAL,UNKNOWN,STRAIGHT AHEAD,,,1,,,,,,,,,,,,,,,,,Y,UNKNOWN,,,,,,,,,,,,,,,,,,,,,,,,,,,,,,,,,
1857461,dbabd54ef742990b9721d0e27c4d28463938556c44194c2a46ad268aedb80b63b5b6216a68da93eebe5212da8f9b2c4104743b93fa6f68d822223fb5c5243854,07/05/2024 11:25:00 PM,1,DRIVER,,1769483,,"(HOMEMADE MOTORCYCLE, MOPED.ETC.)","(HOMEMADE MOTORCYCLE, MOPED.ETC.)",,,NONE,MOPED OR MOTORIZED BICYCLE,PERSONAL,W,STRAIGHT AHEAD,,,1,,,,,Y,,,,,,,,,,Y,Y,,FRONT,,,,,,,,,,,,,,,,,,,,,,,,,,,,,,,,,
1857118,582e77b02a194d03fa97073e39048b7645e453e777ad1be27d6b12280fec1db9290be16adb4c3c841104b718bb41f41eb6a8835d93615ab568a177c4b28bf1ab,07/05/2024 03:20:00 PM,1,DRIVER,,1769141,,UNKNOWN,MOTORIZED,IL,,UNKNOWN,MOPED OR MOTORIZED BICYCLE,UNKNOWN/NA,E,STRAIGHT AHEAD,,,1,,,,,,,,,,,,,,,,,Y,FRONT,,,,,,,,,,,,,,,,,,,,,,,,,,,,,,,,,
1856967,f54229beae26ee1e6b2d6d1558afe610145e975573cc018e93cdb89eedab62066c41d3b640c8dd8d20c4c46e491963e9362ae39c27194c73b890070ac94f1b2f,07/05/2024 11:13:00 AM,1,DRIVER,,1769010,,UNKNOWN,MOTORIZED,,2004,UNKNOWN,MOPED OR MOTORIZED BICYCLE,PERSONAL,W,STRAIGHT AHEAD,,,1,,,,,Y,,,,,,,,,,Y,Y,,FRONT,,,,,,,,,,,,,,,,,,,,,,,,,,,,,,,,,
1855199,da4a91f1d0f0154cbeb10d9a3462eb13b75b7d63eec777e475bf42f3f784fb59bc744e5e497409b7cd0bda3e6121cfc711b6c6b52ab6c3824fb02ca525d8cb52,07/02/2024 06:15:00 PM,2,DRIVER,,1767326,,BMW,OTHER (EXPLAIN IN NARRATIVE),IL,2024,NONE,MOPED OR MOTORIZED BICYCLE,PERSONAL,W,STRAIGHT AHEAD,,,1,,,,Y,,,,,,,,,,,,,,NONE,,,,,,,,,,,,,,,,,,,,,,,,,,,,,,,,,
1853502,a768e21103527deb3220a72d21f1fff417594a1f356124b7f21244515466f89c70cd761bd1f991884e7c0ccbeeded7cf68a5711e84e24311f3274e18fa50de35,06/29/2024 11:00:00 PM,2,PARKED,,1765701,,UNKNOWN,OTHER (EXPLAIN IN NARRATIVE),IL,2023,NONE,MOPED OR MOTORIZED BICYCLE,PERSONAL,N,PARKED,,,0,,,,,Y,Y,Y,Y,Y,Y,,,,,,,,REAR-RIGHT-CORNER,,,,,,,,,,,,,,,,,,,,,,,,,,,,,,,,,
1853416,2fbfffa150c80e9b13327dc47e1d654344efd0598e93cbecc9cf7f026ba972366483ca6037f4d054cda1c916b1ab99f84c085df09890d72b529a816dd5b4e539,06/29/2024 08:10:00 PM,2,DRIVER,,1765604,,"(HOMEMADE MOTORCYCLE, MOPED.ETC.)","(HOMEMADE MOTORCYCLE, MOPED.ETC.)",IL,2024,NONE,MOPED OR MOTORIZED BICYCLE,PERSONAL,S,STRAIGHT AHEAD,,,1,,,,,N,N,N,N,N,,Y,Y,Y,Y,Y,,,REAR-RIGHT-CORNER,,,,,,,,,,,,,,,,,,,,,,,,,,,,,,,,,
1860968,fa482d0bd351c2750af3509fc429b51aa714cb7c3f6869cd137a218c6121edb62e0af95430ea8c35aa3d6a844e6e540bec736799e52fd54dae290c3d1fbe6e90,06/29/2024 11:20:00 AM,1,DRIVER,,1772830,,YAMAHA,YAMAHA,IL,2019,NONE,MOPED OR MOTORIZED BICYCLE,PERSONAL,S,PASSING/OVERTAKING,,,1,,,,,,,,,,,,,Y,Y,Y,,,TOTAL (ALL AREAS),,,,,,,,,,,,,,,,,,,,,,,,,,,,,,,,,
1852473,b1eac1ae85c3d1977630666fdbd4647fce7c6e8c2c6cf7262474a3ea402b3d6d54dbe8e057d27924f445d754fa7a6d0caa55609153db58911322e3200138eb54,06/28/2024 04:40:00 PM,2,DRIVER,1,1764749,,UNKNOWN,OTHER (EXPLAIN IN NARRATIVE),IL,,NONE,MOPED OR MOTORIZED BICYCLE,PERSONAL,W,STRAIGHT AHEAD,,,2,,,,,Y,,,,,,,,,,Y,Y,,FRONT,,,,,,,,,,,,,,,,,,,,,,,,,,,,,,,,,
1850086,4d7e936363a8fe2ac5ec1b5ab701732f41ec952bd19cc78526175a68e3e2ad1ade4db7b893f70d544bf2657522b9dffeb29067d539857e500e3c6b3951330f3f,06/25/2024 10:18:00 AM,2,DRIVER,,1762415,,"(HOMEMADE MOTORCYCLE, MOPED.ETC.)","(HOMEMADE MOTORCYCLE, MOPED.ETC.)",IL,2023,NONE,MOPED OR MOTORIZED BICYCLE,PERSONAL,E,STRAIGHT AHEAD,,,1,,,,,Y,,,,,,,,,,Y,Y,,FRONT,,,,,,,,,,,,,,,,,,,,,,,,,,,,,,,,,
1848928,f0acb714da5668d05f6703e8b6a134e9acf436e83f35f3c3b57324e8664076a3d31832c0957b5d17a58933462aef320095012e6e7f03ca7fbc2c54c08184b6f3,06/23/2024 04:42:00 PM,2,DRIVER,1,1761303,,SCOOTALONG,SCOOTALONG,IL,2024,UNKNOWN,MOPED OR MOTORIZED BICYCLE,PERSONAL,E,SLOW/STOP IN TRAFFIC,,,2,,,,,,,,,,Y,,,,,,,,REAR,,,,,,,,,,,,,,,,,,,,,,,,,,,,,,,,,
1848339,8373dd2a49c7469f25d804b072bd612ba89d8e5da170a549ed533a621130cf67fcef66400c6a695b2d2ffc020689e183b2d39691b8a43fd530c9e0df280a54e2,06/22/2024 09:35:00 PM,1,DRIVER,1,1760726,,UNKNOWN,MOTORIZED,XX,,UNKNOWN,MOPED OR MOTORIZED BICYCLE,OTHER,E,DRIVING WRONG WAY,,,2,,,,,N,,,,,,,,,,N,Y,,FRONT,,,,,,,,,,,,,,,,,,,,,,,,,,,,,,,,,
1847954,6040bc7e8eaaf8ec1f3586224ce64388df089f3541f3fdfc2dc049cee286b007b8cf523d9a03e827ce1ea156e52c8c3e847b1e70fd62db295b0d385a88fbca24,06/22/2024 12:10:00 PM,2,DRIVER,,1760377,,UNKNOWN,MOTORIZED,XX,1900,UNKNOWN,MOPED OR MOTORIZED BICYCLE,PERSONAL,W,STRAIGHT AHEAD,,,1,,,,,,,,,,,,,,,,,Y,FRONT,,,,,,,,,,,,,,,,,,,,,,,,,,,,,,,,,
1847244,c1aab80eef2bdfbb2a44ca4b0b2ec8e52b532c89f8c1c42e0ad99f02ecea091da25d3c402d6a35bb022bfd42afe1ffbeed7cf262d64303cee87020db7bde7028,06/21/2024 03:00:00 PM,1,DRIVER,,1759672,,AMERICAN ALUMINUM COMPANY,AMERICAN ALUMINUM CO.,,2014,NONE,MOPED OR MOTORIZED BICYCLE,PERSONAL,S,PASSING/OVERTAKING,,,1,,,,,,,,,,,,,,,,,Y,UNKNOWN,,,,,,,,,,,,,,,,,,,,,,,,,,,,,,,,,
1847135,20c68c9c8c50a54e4551fa16e798e7c246eedb258719f78e5d1c04bf664b59f5c2d58d4b87186e6a89c58f23a44d4e10e51bbc44c07b13a07601fe3c929828f6,06/21/2024 12:20:00 PM,1,DRIVER,1,1759572,,UNKNOWN,OTHER (EXPLAIN IN NARRATIVE),IL,,UNKNOWN,MOPED OR MOTORIZED BICYCLE,UNKNOWN/NA,N,PASSING/OVERTAKING,,,2,,,,N,,,,,,,,,,,,N,Y,FRONT,,,,,,,,,,,,,,,,,,,,,,,,,,,,,,,,,
1846771,3a44a46db460a161998f0dd446fc80ad5f5e85dc3dea03692086ac817380ac0aefd53ad3466982acf4e5bde6f76f64634bc233563c2c3c75a7f169794f218155,06/20/2024 06:06:00 PM,2,DRIVER,,1759247,,HONDA,MOTORCYCLE,IL,2015,NONE,MOPED OR MOTORIZED BICYCLE,PERSONAL,S,STRAIGHT AHEAD,,,1,,,,,Y,Y,Y,Y,Y,,,,,,,,,SIDE-RIGHT,,,,,,,,,,,,,,,,,,,,,,,,,,,,,,,,,
1845553,95243885a4e67f155a5b79121af02f6cafcabd1a65935942e3b31869a78d3aa550f486a4f3b92ebefb9743eb44d7dd194d378ca232cc07a7b52474ead1866afc,06/18/2024 08:58:00 PM,1,DRIVER,,1758046,,UNKNOWN,OTHER (EXPLAIN IN NARRATIVE),IL,,UNKNOWN,MOPED OR MOTORIZED BICYCLE,PERSONAL,W,STRAIGHT AHEAD,,,1,,,,,,,,,,,,,,,,,,FRONT,,,,,,,,,,,,,,,,,,,,,,,,,,,,,,,,,
1845461,2ce53c976d7a7313b223c351e1978b69a75b5d98664b8259873c26ffbfed4b6cb9eb5f20d2b283e6f378012cad8cd210c4fa590e87f8e15a61cbb7cb65cb4f78,06/18/2024 05:30:00 PM,2,DRIVER,,1757966,,UNKNOWN,OTHER (EXPLAIN IN NARRATIVE),,,NONE,MOPED OR MOTORIZED BICYCLE,PERSONAL,N,STRAIGHT AHEAD,,,1,,,,,,,,,,,,,,,,,Y,UNKNOWN,,,,,,,,,,,,,,,,,,,,,,,,,,,,,,,,,
1842965,0f69c5476cd9df02a6d944570b78d068bcc5d581351cc56c84ec5ec76c80ab1598c9d9c12113ec244e761bed3cae27feeb8928ca20db65c3b9aec281681e3c06,06/15/2024 01:13:00 PM,2,DRIVER,,1755605,,UNKNOWN,MOTORIZED,IL,,NONE,MOPED OR MOTORIZED BICYCLE,PERSONAL,S,STRAIGHT AHEAD,,,1,,,,,,,,,,Y,,,,,,,,REAR,,,,,,,,,,,,,,,,,,,,,,,,,,,,,,,,,
1842566,d91be268c78606fe3f39971b8aecba7a282f953507db76ca7d32618ab812dbd4e8c0b25914afca3e01893bc8b97eb4a1f8f82758454232892ae8d0b4f0f4f4af,06/14/2024 09:00:00 PM,1,DRIVER,,1756536,,UNKNOWN,MOTORIZED,,,UNKNOWN,MOPED OR MOTORIZED BICYCLE,PERSONAL,N,STRAIGHT AHEAD,,,1,,,,,,,,,,,,,,,,Y,,FRONT,,,,,,,,,,,,,,,,,,,,,,,,,,,,,,,,,
1842530,3403530208714a1580ade9d206d960d05e3e6e716ea3b65dddea60bd13279a3d26e5708ee4f7916a7cd73ea8b91b50d2f11690f700612af76d3c5d82954815a6,06/14/2024 07:14:00 PM,2,DRIVER,,1755170,,"(HOMEMADE MOTORCYCLE, MOPED.ETC.)","(HOMEMADE MOTORCYCLE, MOPED.ETC.)",IL,2022,NONE,MOPED OR MOTORIZED BICYCLE,PERSONAL,W,STRAIGHT AHEAD,,,1,,,,,,,Y,,,,,,,,,,,SIDE-RIGHT,,,,,,,,,,,,,,,,,,,,,,,,,,,,,,,,,
1841813,a6da60a8a2e16d25a8dba99ee45c72d5c35f946b2de229a96ee78b62982672acada9ab82f031ffea0ee1299af187bdff3fd14e90d6e96372a23828afddca2daf,06/13/2024 09:55:00 PM,1,DRIVER,,1754481,,UNKNOWN,OTHER (EXPLAIN IN NARRATIVE),,,UNKNOWN,MOPED OR MOTORIZED BICYCLE,UNKNOWN/NA,N,STRAIGHT AHEAD,,,1,,,,,,,,,,,,,,,,,Y,FRONT,,,,,,,,,,,,,,,,,,,,,,,,,,,,,,,,,
1840256,2f930b1186cb8a24b6a77fa1aaa5b1ae97dd4361c2ea4b7d792258b67370d644df4f9244285d429205f22582ba837a69894dea80ccfa646872b21bbfe2d3576a,06/11/2024 03:50:00 PM,2,DRIVER,,1753013,,UNKNOWN,OTHER (EXPLAIN IN NARRATIVE),IL,,UNKNOWN,MOPED OR MOTORIZED BICYCLE,PERSONAL,S,STRAIGHT AHEAD,,,1,,,,,,,,,,,,,,,,,Y,UNKNOWN,,,,,,,,,,,,,,,,,,,,,,,,,,,,,,,,,
1839215,b3adef575362e8bba0674c159d8d9a4655cb9cd50f67d1d8d07d05686bf599c8fba2cab2481421941151029ca626487e72d40982a3cf8191fcf3747b0f0d50dc,06/10/2024 10:00:00 AM,2,DRIVER,,1752000,,UNKNOWN,MOTORIZED,IL,,NONE,MOPED OR MOTORIZED BICYCLE,PERSONAL,N,STRAIGHT AHEAD,,,1,,,,,,,,,,,,Y,Y,Y,Y,,,SIDE-LEFT,,,,,,,,,,,,,,,,,,,,,,,,,,,,,,,,,
1838661,177122ec878c318664cc7a4d214333a00f018774bd42f5c4e6e5ef7ff8998d01d5bf385599170c01354e24958608a64be3968da07554a99eafdcb9f5bf590ca3,06/09/2024 04:45:00 PM,1,DRIVER,,1751468,,UNKNOWN,MOTORIZED,,,UNKNOWN,MOPED OR MOTORIZED BICYCLE,PERSONAL,S,STRAIGHT AHEAD,,,1,,,,,Y,,,,,,,,,,,,,FRONT,,,,,,,,,,,,,,,,,,,,,,,,,,,,,,,,,
1836636,d4ac038ce80407c5b2fee41b275699b8168d619c08a86d4876b8b40d3c3f5e62d7456532ef9e1303d90fbb9987a7acaefe99ad4e416c2c1d1f0f8a714c16743f,06/06/2024 11:26:00 PM,2,DRIVER,,1749519,,"GENERAL MOPED COMPANY (NEW YORK, NY)","GENERAL MOPED CO., NEW YORK, NY",,2013,UNKNOWN,MOPED OR MOTORIZED BICYCLE,PERSONAL,N,STRAIGHT AHEAD,Y,,1,,city of chicago,pound,,Y,Y,,Y,,,,Y,Y,Y,Y,Y,,SIDE-RIGHT,,,,,,,,,,,,,,,,,,,,,,,,,,,,,,,,,
1837011,148418c1d09de3cdeb63f1d3706f61e7c0a12a64c7b368149273b758e8003bd86d04a80215c488654bfc65202db9919989612b3ce9d5eb963bdc675feac5307a,06/05/2024 02:27:00 PM,2,PARKED,,1749877,,VESPA,GTS SERIES,IL,2023,NONE,MOPED OR MOTORIZED BICYCLE,PERSONAL,UNKNOWN,PARKED,,,0,,,,,Y,Y,Y,Y,Y,,,,,,,,,SIDE-RIGHT,,,,,,,,,,,,,,,,,,,,,,,,,,,,,,,,,
1835449,b6d3aba3c0cbdb72c8bf3f6870eb973dd2572b106eaddc45489d2477cea72d80c888785def1a146c90282a318fbcbe0d955cf02fcf54afa138dca04a8a2085f8,06/05/2024 02:15:00 PM,2,DRIVER,,1748401,,VESPA,PRIMAVERA,IL,2023,UNKNOWN,MOPED OR MOTORIZED BICYCLE,PERSONAL,SE,STRAIGHT AHEAD,,,1,,,,,Y,Y,Y,Y,Y,Y,Y,Y,Y,Y,Y,Y,,FRONT,,,,,,,,,,,,,,,,,,,,,,,,,,,,,,,,,
1835109,6333c86aefacf735e27e3168fa87bd610180f2cc54325dd431465c796e013836a89faaecee2cafda1610f7b0218ad18ee62033f870b1f4513cf67a9bee8910a1,06/05/2024 09:55:00 AM,1,DRIVER,1,1748061,,UNKNOWN,OTHER (EXPLAIN IN NARRATIVE),IL,,UNKNOWN,MOPED OR MOTORIZED BICYCLE,UNKNOWN/NA,W,TURNING RIGHT,Y,,2,,CPD,,,Y,,,,,,,,,,Y,Y,,FRONT,,,,,,,,,,,,,,,,,,,,,,,,,,,,,,,,,
1832965,0a00da00d59a5d333ea8ed2ed4db50528dcdebff7988840c14102af6e8ca5189f1134b2b88967a1576bacf6bdd8622037d0b178dd4e5be003f8621322608e44a,06/02/2024 11:55:00 AM,1,DRIVER,,1746023,,HONDA,MOTORCYCLE,,2019,UNKNOWN,MOPED OR MOTORIZED BICYCLE,PERSONAL,E,STRAIGHT AHEAD,Y,,1,,E AND R TOWING,POUND 2,,,,,,,,,,,,,,,FRONT,,,,,,,,,,,,,,,,,,,,,,,,,,,,,,,,,
1832478,b391e5c0d418a6d8354c7e257ed02d6f4cc5c632796ed0d62d88216fb3eae0b772904382e105f90619a57b3c698f90fbf06db98bdbf49af345dd56e6eb004321,06/01/2024 05:10:00 PM,2,PARKED,,1745559,,UNKNOWN,OTHER (EXPLAIN IN NARRATIVE),IL,2021,NONE,MOPED OR MOTORIZED BICYCLE,PERSONAL,NW,PARKED,,,0,,,,,,,,,,,Y,Y,Y,Y,Y,,,SIDE-LEFT,,,,,,,,,,,,,,,,,,,,,,,,,,,,,,,,,
1831852,087923d27aae25167c892c8f246d46c57fedcfcd1c05f2293bc4cf21a198741f2c6db299f2e423e9c58c73d989bc6db65f34740ba728358e71e04dfdc3b451e8,05/31/2024 10:25:00 PM,1,DRIVER,,1744943,,UNKNOWN,OTHER (EXPLAIN IN NARRATIVE),IL,2012,UNKNOWN,MOPED OR MOTORIZED BICYCLE,PERSONAL,N,STRAIGHT AHEAD,,,1,,,,,,,,,,,,,,,,,,OTHER,,,,,,,,,,,,,,,,,,,,,,,,,,,,,,,,,
1832081,6a10666d4272475654ec3c10160523659e406a4770adb69218b1d29a87224a837650936f9a7d07a1e213fda4d42ce4281eaf0f2437d12a1872d937f3c6968e3c,05/31/2024 05:36:00 PM,1,DRIVER,,1745168,,UNKNOWN,OTHER (EXPLAIN IN NARRATIVE),,,UNKNOWN,MOPED OR MOTORIZED BICYCLE,UNKNOWN/NA,S,STRAIGHT AHEAD,,,1,,,,,Y,,,,,,,,,,Y,Y,,FRONT,,,,,,,,,,,,,,,,,,,,,,,,,,,,,,,,,
1828616,88e1c1409415395f67193d32b3274fcb8814c8b5452cb2b330b0a6c3239df9bec40eec3c3ffebd4d51e3c76aec269a0669c7d6bf0ff4758a79e5069900500156,05/27/2024 09:25:00 PM,2,DRIVER,,1741827,,UNKNOWN,OTHER (EXPLAIN IN NARRATIVE),IL,,UNKNOWN,MOPED OR MOTORIZED BICYCLE,PERSONAL,E,STRAIGHT AHEAD,,,1,,,,,,,,,,,,,,,,,Y,UNKNOWN,,,,,,,,,,,,,,,,,,,,,,,,,,,,,,,,,
1827402,2dc2c10c15c4d189b772a5f7ed599336140e0da53728ef1ba2b2d9246e07396ce46577f4df59e27aabeb4011fe3e44bd56adbddf8138bef4c37309c7a26cb638,05/25/2024 06:19:00 PM,2,DRIVER,,1740698,,UNKNOWN,OTHER (EXPLAIN IN NARRATIVE),IL,,UNKNOWN,MOPED OR MOTORIZED BICYCLE,PERSONAL,E,STRAIGHT AHEAD,,,1,,,,,,,,,,,,,,,,,Y,UNKNOWN,,,,,,,,,,,,,,,,,,,,,,,,,,,,,,,,,
1826591,7fd2d5161d516b258d77bc756c33910e39889314e0065a52ed85bb6bbe9eb870676baaaea0640b61da39903895a16a779cfc834dadf47591dbb164cbd3885b8e,05/24/2024 04:01:00 PM,1,DRIVER,,1739891,,"(HOMEMADE MOTORCYCLE, MOPED.ETC.)","(HOMEMADE MOTORCYCLE, MOPED.ETC.)",,2015,UNKNOWN,MOPED OR MOTORIZED BICYCLE,UNKNOWN/NA,N,STRAIGHT AHEAD,,,1,,,,,,,,,,,,,,,,Y,,FRONT,,,,,,,,,,,,,,,,,,,,,,,,,,,,,,,,,
1825919,c850e30ff03e0a2ca714f99d41a71a986e9b50d0f63598972f5b8e4f036ef9c1026a8b5e155f9ba40f0a487f78cdb6cb3ce6d62531168ab986cb916288ac8e34,05/23/2024 04:45:00 PM,2,DRIVER,,1739259,,HONDA,MOTORCYCLE,IL,2022,NONE,MOPED OR MOTORIZED BICYCLE,PERSONAL,N,STRAIGHT AHEAD,,,1,,,,,,,,,,,,,Y,Y,Y,Y,,UNKNOWN,,,,,,,,,,,,,,,,,,,,,,,,,,,,,,,,,
1829420,b34fea0e94b3b22c6fef1ed86f7a24987beca4eb4dfc2bb5877ea0425dd1d5d77dc789b911a4b79c6f482113413ece481f0b8ba393e518f659bdd47373c7a087,05/21/2024 02:00:00 AM,2,DRIVER,,1742598,,KAWASAKI,MOTORCYCLE,IL,2010,UNKNOWN,MOPED OR MOTORIZED BICYCLE,PERSONAL,W,STRAIGHT AHEAD,Y,,1,,CPD,Pound 1,,N,N,N,,N,N,N,,,,N,N,,FRONT,,,,,,,,,,,,,,,,,,,,,,,,,,,,,,,,,
1822447,cbb445c8029ba397f0e42166c4be17364be875acb6cf64036889ec76fc94c5b05fb0a2d0129d434d2087f362f1363d4257ca79a5fbfa8b028f20ab7c4b5671c1,05/19/2024 12:00:00 PM,1,DRIVER,,1735923,,"GENERAL MOPED COMPANY (NEW YORK, NY)","GENERAL MOPED CO., NEW YORK, NY",IL,2021,BRAKES,MOPED OR MOTORIZED BICYCLE,NOT IN USE,W,STRAIGHT AHEAD,,,1,,,,,,,,,,,,,,,,Y,,FRONT,,,,,,,,,,,,,,,,,,,,,,,,,,,,,,,,,
1822135,848df854809b4b493c17f2baa85682584fef32c671b936e3e332f98eec07a30f5306a24323efe861dbdf9b9a66675b0aabb1aa3bb2e18eabb03c41e3a5c02943,05/18/2024 11:00:00 PM,2,PARKED,,1735615,,UNKNOWN,OTHER (EXPLAIN IN NARRATIVE),IL,9999,UNKNOWN,MOPED OR MOTORIZED BICYCLE,NOT IN USE,UNKNOWN,PARKED IN TRAFFIC LANE,,,0,,,,,,,,,,,,,,,,,Y,UNKNOWN,,,,,,,,,,,,,,,,,,,,,,,,,,,,,,,,,
1822618,c18c0960fa7c00b010f8e659f3d03796d327d4ff254394b4bfea884a240eda9e00c54ad71243f0bd5f98a4724e12adc7bcc76a064745f70b9a01450488bdd800,05/18/2024 11:00:00 PM,2,PARKED,,1736074,,UNKNOWN,MOTORIZED,IL,2022,NONE,MOPED OR MOTORIZED BICYCLE,PERSONAL,UNKNOWN,PARKED,,,0,,,,,,,,,,,,,,,,Y,,FRONT,,,,,,,,,,,,,,,,,,,,,,,,,,,,,,,,,
1821573,2d548fa9e95091132c71e6dfb106c28e7c400c7caf164f3e684ce3f18f655cdbac430d858d45ee593059c5124f4a2c5fd9cbba92c8102953bfc16c902557b471,05/18/2024 12:51:00 PM,1,DRIVER,,1735099,,UNKNOWN,OTHER (EXPLAIN IN NARRATIVE),IL,,UNKNOWN,MOPED OR MOTORIZED BICYCLE,NOT IN USE,E,STRAIGHT AHEAD,,,1,,,,,,,,,,,,,,,,Y,,FRONT,,,,,,,,,,,,,,,,,,,,,,,,,,,,,,,,,
1819548,f88b2a11e483b3de22f5d9d4d7258da566f011072e19b7bf45ede0203f02a31c06717b1f28396585d8efaba57053a61f81d00adfde9964afdd1d14ccced5469c,05/15/2024 04:00:00 PM,1,DRIVER,,1733129,,UNKNOWN,OTHER (EXPLAIN IN NARRATIVE),IL,,UNKNOWN,MOPED OR MOTORIZED BICYCLE,PERSONAL,W,DRIVING WRONG WAY,,,1,,,,,,,,,,,,,,,,Y,,FRONT,,,,,,,,,,,,,,,,,,,,,,,,,,,,,,,,,
1816473,05fafdd443cad5568444ffa78b2a03bdd9cd3861142cee583935b73a9ad49494bd2dcd90c6abb61811a4dd2cf57eb4573f38abec3885f6df8f510934a610d325,05/11/2024 12:39:00 PM,2,PARKED,,1730206,,UNKNOWN,OTHER (EXPLAIN IN NARRATIVE),IL,,NONE,MOPED OR MOTORIZED BICYCLE,PERSONAL,UNKNOWN,PARKED,,,0,,,,,,,Y,,,,,,,,,,,SIDE-RIGHT,,,,,,,,,,,,,,,,,,,,,,,,,,,,,,,,,
1815330,7603589a0552f3c0c2df019af81d97a7c2deb2c8411b0ad0d44f06126d826d46eacf71837996f2abe63802a1cdcdbcd7d495db5e0fa879cbff9e34b1a2bae9fe,05/09/2024 08:40:00 PM,1,DRIVER,1,1729098,,HONDA,MOTORCYCLE,IL,2004,UNKNOWN,MOPED OR MOTORIZED BICYCLE,PERSONAL,SE,STRAIGHT AHEAD,,,2,,,,,Y,Y,Y,Y,Y,,,,,,,,,FRONT-RIGHT-CORNER,,,,,,,,,,,,,,,,,,,,,,,,,,,,,,,,,
1815047,e076e4a8a1557faaae46c80ca328b0e339f9b0661d5e5d3990b6926928179be3b76ec5249e1e851503c10da540a7905e1190a6cbd91f4ef6e4c98f6076a8663d,05/09/2024 03:00:00 PM,1,DRIVER,,1728826,,VESPA,P SERIES,IL,1981,NONE,MOPED OR MOTORIZED BICYCLE,PERSONAL,N,STRAIGHT AHEAD,,,1,,,,,,,,,,,,,,,,,,FRONT,,,,,,,,,,,,,,,,,,,,,,,,,,,,,,,,,
1813809,80371c12d6e6c5a11a8b9db112df4d1662be09f73b0bf6bb03ce1f34c2cd88fb6e2c42955033daad531b937669bb599c59b4c9744e3afa0a363bee65a638b469,05/08/2024 08:46:00 AM,2,DRIVER,,1727656,,YAMAHA,YAMAHA,IL,2023,NONE,MOPED OR MOTORIZED BICYCLE,PERSONAL,S,STARTING IN TRAFFIC,,,1,,,,,,,,,,Y,,,,,,,Y,REAR,,,,,,,,,,,,,,,,,,,,,,,,,,,,,,,,,
1812780,aaf78ae60c701ecfeb7eaf28438f96c2d7f5b3ad24a8963e2a01aded4d05e1bc7ebae84f0e5d5521a56d416c206114087adeaa2ae7816ddd4bdf8746d9ea25bd,05/06/2024 06:18:00 PM,1,DRIVER,,1726701,,UNKNOWN,MOTORIZED,,,UNKNOWN,MOPED OR MOTORIZED BICYCLE,PERSONAL,W,STRAIGHT AHEAD,,,1,,,,,,,,,,,,,,,,Y,,FRONT,,,,,,,,,,,,,,,,,,,,,,,,,,,,,,,,,
1804191,a5348f5b0a3028aa13af3d6944ca4bde7f66d889a73b0e7f514c260d35f3fbd0da25caba41ae212dc3b350f56fb490f5c385aa10fabe817c86358fe7a605693d,04/24/2024 06:02:00 PM,1,DRIVER,,1718388,,UNKNOWN,OTHER (EXPLAIN IN NARRATIVE),IL,,UNKNOWN,MOPED OR MOTORIZED BICYCLE,UNKNOWN/NA,E,STRAIGHT AHEAD,,,1,,,,N,,,,,,,,,,,,,Y,UNKNOWN,,,,,,,,,,,,,,,,,,,,,,,,,,,,,,,,,
1800742,1f8f840a40c76c7adf220beeefb38d6e05e93d4234bca8d79a8abee591c81e8d92f660ab82903ca73bc02a7c02a52bc2c5665f6bd12388ddee491130ea05267c,04/19/2024 08:51:00 AM,2,DRIVER,,1715012,,UNKNOWN,MOTORIZED,IL,2021,UNKNOWN,MOPED OR MOTORIZED BICYCLE,PERSONAL,E,STRAIGHT AHEAD,Y,,1,,PRIVATE TOW,UNKNOWN,,Y,Y,Y,Y,Y,Y,Y,Y,Y,Y,Y,Y,,SIDE-LEFT,,,,,,,,,,,,,,,,,,,,,,,,,,,,,,,,,
1797051,df25f27ec1ec6a125579218fb09cc7a266f727ffe4852d7df9a7f36457fb69b3b7d587a13e2eb31facf2f67ac66638b286977ee751aa19cc9d9490209e458c4c,04/14/2024 03:40:00 AM,1,DRIVER,,1711529,,UNKNOWN,MOTORIZED,IL,,UNKNOWN,MOPED OR MOTORIZED BICYCLE,UNKNOWN/NA,S,STRAIGHT AHEAD,,,1,,,,,,,,,,,,,,,,Y,,FRONT,,,,,,,,,,,,,,,,,,,,,,,,,,,,,,,,,
1794514,c581909f40941809cc8fef6bf8be685871ae839c73f874a1c9edeed3d001510ed200fad0d40ccdca6e6857f3dde43ba431d0a5fa0a97ecc1a2240d1654464897,04/10/2024 12:21:00 PM,1,DRIVER,,1709063,,GENERAL,GENERAL,IL,2023,NONE,MOPED OR MOTORIZED BICYCLE,PERSONAL,NW,STRAIGHT AHEAD,Y,,1,,unknown,unknown,,Y,,,,,,,,,,Y,Y,,FRONT,,,,,,,,,,,,,,,,,,,,,,,,,,,,,,,,,
1793332,f0a502745167333c501f284137624030843afbdca9b86e39e2815cc032371130b2938a4c71fc6543a3b45911be2771ddc771fc2348a39c09346d77282da92c83,04/08/2024 04:37:00 PM,1,DRIVER,,1707925,,UNKNOWN,MOTORIZED,XX,,NONE,MOPED OR MOTORIZED BICYCLE,PERSONAL,S,STRAIGHT AHEAD,,,1,,,,Y,,,,,,,,,,,,,,FRONT,,,,,,,,,,,,,,,,,,,,,,,,,,,,,,,,,
1801164,ae88a5cb58842d9401e6aa6417c448a1982884d88021923cfc8a921db3e8549d57f8738ed8a3e53244d49fcc2fc87b9377e14b254d50a00f4cfd56bec782c756,04/04/2024 05:54:00 PM,1,DRIVER,,1715401,,UNKNOWN,MOTORIZED,IL,,UNKNOWN,MOPED OR MOTORIZED BICYCLE,UNKNOWN/NA,W,STRAIGHT AHEAD,,,1,,,,,,,,,,,,Y,,,N,,,SIDE-LEFT-REAR,,,,,,,,,,,,,,,,,,,,,,,,,,,,,,,,,
1788748,18f830750885d1a37bea8a1e04cfee3098fa2eefd8b219540ac7fc705910ffae4847d390e78689a3e58db78c10b050c771b4056713e483f49ba87d93f47845e8,04/01/2024 04:10:00 PM,1,DRIVER,,1703545,,UNKNOWN,MOTORIZED,IL,,UNKNOWN,MOPED OR MOTORIZED BICYCLE,PERSONAL,S,STRAIGHT AHEAD,,,1,,,,,,,,,,,,,,,,,Y,UNKNOWN,,,,,,,,,,,,,,,,,,,,,,,,,,,,,,,,,
1787944,e16aa175ef0e9fb59bf2d8c9042607fb643b977075db682a40ed95575b8f9e08fe7397a426be55509eff5dc23860c2e87ac6a7dd8ed6b0d6c84a3bc84d8ad9a9,03/31/2024 03:10:00 PM,1,DRIVER,,1702717,,KAWASAKI,MOTORCYCLE,IL,2013,NONE,MOPED OR MOTORIZED BICYCLE,PERSONAL,W,STRAIGHT AHEAD,,,1,,,,,Y,Y,Y,,,,,,,,,,,SIDE-RIGHT,,,,,,,,,,,,,,,,,,,,,,,,,,,,,,,,,
1787716,8cadaeed7d8eb550cd32129796c52e98ff7cfa12ff316954ec47fb6fa3a479de9fc4388406e4f1f4caaf644004ec871f2f9e75192faef5a289fba49cba7b9f87,03/31/2024 02:02:00 AM,2,DRIVER,,1702497,,HONDA,OTHER (EXPLAIN IN NARRATIVE),IL,2016,NONE,MOPED OR MOTORIZED BICYCLE,PERSONAL,S,STRAIGHT AHEAD,,,1,,,,,,,,,,,,,,,,Y,,FRONT,,,,,,,,,,,,,,,,,,,,,,,,,,,,,,,,,
1786965,319451226db183737de39b6badc7a89f4f760aacc8cb03a63923c8c1bd27b886cea4166524deb360eaf302884e0eee2f9f413a812a47e065b80979675bf08029,03/29/2024 05:00:00 PM,1,DRIVER,,1701777,,UNKNOWN,OTHER (EXPLAIN IN NARRATIVE),IL,2022,NONE,MOPED OR MOTORIZED BICYCLE,PERSONAL,W,STRAIGHT AHEAD,Y,,1,,CPD,,,,,,,,,,,,,,Y,,FRONT,,,,,,,,,,,,,,,,,,,,,,,,,,,,,,,,,
1786816,bc5830453d80465d36864f412bfd93f5a5fe1dd2523cf13ef5b9aadc873511f2459bc1eeb995383c863e716b63758e9d7edbd85ee9ae49d52d7c0dcc895aafaf,03/29/2024 04:55:00 PM,2,PARKED,,1701652,,"GENERAL MOPED COMPANY (NEW YORK, NY)","GENERAL MOPED CO., NEW YORK, NY",IL,2022,NONE,MOPED OR MOTORIZED BICYCLE,PERSONAL,S,PARKED,,,0,,,,,,,,,,,,,,,,Y,,FRONT,,,,,,,,,,,,,,,,,,,,,,,,,,,,,,,,,
1786705,bcf556bd341f87fed02db50dd7a51d3b1cbac33d510f512373ce2cc41aeb979510c508201a8af2dad77868bdd83ca396fb99eedc697427533ad10e387662b9e0,03/29/2024 01:00:00 PM,2,DRIVER,,1701535,,VESPA,GTV SERIES,IL,2009,NONE,MOPED OR MOTORIZED BICYCLE,PERSONAL,S,STRAIGHT AHEAD,,,1,,,,,,,,,,Y,,,,,,,,REAR,,,,,,,,,,,,,,,,,,,,,,,,,,,,,,,,,
1786138,f9c0d281a940505253cc5311fcb1eba495cad19372385532de4c4268149416560da989153969932c78eb722a7b34ca208a004604116ee54765cad4c87122ad0c,03/27/2024 11:38:00 AM,1,DRIVER,,1700968,,YAMAHA,YAMAHA,IL,2009,NONE,MOPED OR MOTORIZED BICYCLE,UNKNOWN/NA,UNKNOWN,STRAIGHT AHEAD,,,1,,,,,Y,,,,,,,,,,Y,Y,,FRONT,,,,,,,,,,,,,,,,,,,,,,,,,,,,,,,,,
1781025,25741e5ffdb2fd6a1dc78702558acc0fbfbadeee2bda045d1cf2156d63162519b305bff1fde9ecbff6ef04a5a2b1ebfab311dba81badcdd7ed92244f9474f84a,03/19/2024 06:20:00 PM,1,DRIVER,1,1696008,,UNKNOWN,OTHER (EXPLAIN IN NARRATIVE),IL,,UNKNOWN,MOPED OR MOTORIZED BICYCLE,UNKNOWN/NA,E,STRAIGHT AHEAD,,,2,,,,,,,,,,,,,,,,,Y,FRONT,,,,,,,,,,,,,,,,,,,,,,,,,,,,,,,,,
1778761,98d7e8c2f4bbb068e0f461ea797852bc29b2278fb1e8c411661095f5df875b92963ac1d41d8e9873e8a88d983d815b8581512ad08d3b78c1eed2f1f0ae5f05dc,03/16/2024 02:30:00 PM,1,DRIVER,,1693866,,UNKNOWN,MOTORIZED,,,UNKNOWN,MOPED OR MOTORIZED BICYCLE,PERSONAL,W,STRAIGHT AHEAD,,,1,,,,,,,,,,,,,,,,,Y,FRONT,,,,,,,,,,,,,,,,,,,,,,,,,,,,,,,,,
1780058,7ccfd494861ecdc08cfddabd1ecb85e5a89aada00e46ad2176ebfd431acfba4d5fdd913beea85779d4709d0a2ec831800025d218024434785bcfb16c92440fb5,03/13/2024 06:15:00 PM,2,DRIVER,1,1695098,,UNKNOWN,OTHER (EXPLAIN IN NARRATIVE),IL,,NONE,MOPED OR MOTORIZED BICYCLE,PERSONAL,W,STRAIGHT AHEAD,,,2,,,,Y,,,,,,,,,,,,,,SIDE-LEFT,,,,,,,,,,,,,,,,,,,,,,,,,,,,,,,,,
1781277,eba78df4b10c0b010b0e85af2bf945236cc2a20ddcbf082df22b90a2664c99159f739ed7d58be261160e865c19c4bb20ac8a3914a4fb93b844400273381a3612,03/12/2024 05:05:00 PM,2,DRIVER,,1696296,,UNKNOWN,MOTORIZED,IL,,NONE,MOPED OR MOTORIZED BICYCLE,PERSONAL,NW,STRAIGHT AHEAD,,,1,,,,,,,,,,,,,,,,,,SIDE-LEFT,,,,,,,,,,,,,,,,,,,,,,,,,,,,,,,,,
1776080,71580765b141889f44c662670319f1b1457d16200ff2a6ba26414f578512fe10f2efbe7b91ed755025f75b26468e20772a99571a972f5ebb22b4bc2792c4a821,03/12/2024 04:59:00 PM,1,DRIVER,,1691293,,UNKNOWN,OTHER (EXPLAIN IN NARRATIVE),IL,,UNKNOWN,MOPED OR MOTORIZED BICYCLE,UNKNOWN/NA,W,PASSING/OVERTAKING,N,,1,,,,,,,,,,,,Y,Y,Y,N,,,SIDE-LEFT,,,,,,,,,,,,,,,,,,,,,,,,,,,,,,,,,
1776884,0b6e4e82488c6c1f9a8b95afd294ea57c4e39694344ca9abdd41e7745147be40bd46dce392f5a2b8c992bf8d5bcbfab9efcc99dcdc4533ae141be1c694ef9c00,03/11/2024 08:43:00 PM,2,DRIVER,,1692057,,UNKNOWN,MOTORIZED,IL,,UNKNOWN,MOPED OR MOTORIZED BICYCLE,UNKNOWN/NA,E,STRAIGHT AHEAD,,,1,,,,,,,,,,,,,,,,,Y,UNDER CARRIAGE,,,,,,,,,,,,,,,,,,,,,,,,,,,,,,,,,
1775485,9667973d5476f9faea554fbf16feb90ce7089061227ae33a24b64cb7813f43afcff0363aaaa19aa4fa49d8bd0b27c1957ee24696515e0a13ea9ee875b7a64f53,03/11/2024 05:00:00 PM,1,DRIVER,,1690751,,UNKNOWN,MOTORIZED,IL,,UNKNOWN,MOPED OR MOTORIZED BICYCLE,PERSONAL,W,STRAIGHT AHEAD,,,1,,,,,,,,,,,,,,,,,,SIDE-RIGHT,,,,,,,,,,,,,,,,,,,,,,,,,,,,,,,,,
1774704,d7b3d80b189ffdae655ef432d70d54c0909f8f918f04ce4afe220b0e81644ce19557d70f97d0c1aa68297d0957062f3cb02ad81e1fc3f92b3d1d1a0a4b403923,03/10/2024 05:25:00 PM,1,DRIVER,,1689987,,UNKNOWN,MOTORIZED,IL,,UNKNOWN,MOPED OR MOTORIZED BICYCLE,UNKNOWN/NA,S,TURNING LEFT,,,1,,,,,,,Y,Y,Y,,N,N,N,,,,,REAR-RIGHT-CORNER,,,,,,,,,,,,,,,,,,,,,,,,,,,,,,,,,
1773311,002eaefb55aa7787502aaf777b9034ba1ef24dd73e1039b42348a3cbe1b653620076b144f2ba95dd6809ec0ef4312401d6479fcf88417897c19927b53ca9d5f2,03/06/2024 06:00:00 PM,1,DRIVER,,1688680,,UNKNOWN,OTHER (EXPLAIN IN NARRATIVE),IL,,UNKNOWN,MOPED OR MOTORIZED BICYCLE,UNKNOWN/NA,S,STRAIGHT AHEAD,,,1,,,,,,,,,,,,,,,,,Y,FRONT,,,,,,,,,,,,,,,,,,,,,,,,,,,,,,,,,
1768991,0b04b1174c02d02ff051dceabbdfba638e259df3920541c80aac6c916b20dc6c252122046840789a00fbc93f30dbd29c39faccb63cf40a942c2e76e3af9d1bac,03/01/2024 09:01:00 PM,1,DRIVER,,1684533,,UNKNOWN,MOTORIZED,IL,,NONE,MOPED OR MOTORIZED BICYCLE,PERSONAL,S,STRAIGHT AHEAD,,,1,,,,,,,,,,Y,,,,,,Y,,FRONT,,,,,,,,,,,,,,,,,,,,,,,,,,,,,,,,,
1762064,6cd5396550e83ead59c1b227d775d130403595327e564835b23bc143d263c52bfa6d448844d7981a5ef7d30eb669215d6b96777be54144aba04e469edbcbf5c6,02/19/2024 05:42:00 PM,1,DRIVER,1,1677820,,UNKNOWN,MOTORIZED,IL,,NONE,MOPED OR MOTORIZED BICYCLE,RIDESHARE SERVICE,W,DRIVING WRONG WAY,,,2,,,,,,,,,,,,,,,,,Y,FRONT,,,,,,,,,,,,,,,,,,,,,,,,,,,,,,,,,
1760963,36dafcdcd10a0701a2579d9eebdd53466a95c326fd13f9643c50866f6fb684d050b2cfb5da653975ec2d6997e8d06835847854737c8f4b839ac1adcf7f47727a,02/17/2024 12:55:00 PM,1,DRIVER,,1676734,,UNKNOWN,OTHER (EXPLAIN IN NARRATIVE),,,UNKNOWN,MOPED OR MOTORIZED BICYCLE,PERSONAL,W,STRAIGHT AHEAD,,,1,,,,Y,,,,,,,,,,,,,,FRONT,,,,,,,,,,,,,,,,,,,,,,,,,,,,,,,,,
1756039,ade02228128dd40687cef57bc3effbe20086f09d20caf961e88bd38ae489bc990e2a48dd84ac9a409d42b0ea5578f03b7bc34383e53da73e900278dd45a92036,02/08/2024 06:25:00 PM,2,DRIVER,,1672006,,VESPA,PRIMAVERA,IL,2022,NONE,MOPED OR MOTORIZED BICYCLE,PERSONAL,SE,STRAIGHT AHEAD,,,1,,,,,N,Y,Y,,,,,,,Y,,,,SIDE-RIGHT-REAR,,,,,,,,,,,,,,,,,,,,,,,,,,,,,,,,,
1750637,3729d925ef209747c0bfd1404ff53731a6bfd91c73416c3c33edd1569435e88d41840970913dfd859760f5a0f4061333b610cb410ae6f5561e44a62b56fb50d2,01/30/2024 03:15:00 PM,1,DRIVER,,1666762,,UNKNOWN,MOTORIZED,,,UNKNOWN,MOPED OR MOTORIZED BICYCLE,UNKNOWN/NA,E,STRAIGHT AHEAD,,,1,,,,,,,,,,,,,,,,Y,Y,FRONT,,,,,,,,,,,,,,,,,,,,,,,,,,,,,,,,,
1736940,5ea616524de6e4a382b52972c780ea6b7d624212667e18ee94953833f80c503167800343e6c44e4b9e4ff5136cadb5adf4b31b1daac67d7a9db3de250956b68c,01/07/2024 07:42:00 PM,2,DRIVER,,1653599,,UNKNOWN,MOTORIZED,IL,2022,NONE,MOPED OR MOTORIZED BICYCLE,COMMERCIAL - SINGLE UNIT,E,STRAIGHT AHEAD,,,1,,,,,,,,,,,,,,,,Y,Y,FRONT,,,,,,,,,,,,,,,,,,,,,,,,,,,,,,,,,
